site,tree_id,time_date,direction,replicate,rna,dna
MB,1039,2022-08-04T11:30:00Z,North,1,5201,5301
MB,1039,2022-08-04T11:30:00Z,North,2,5202,5302
MB,1039,2022-08-04T11:30:00Z,North,3,5203,5303
MB,1039,2022-08-04T11:30:00Z,North,4,5204,5304
MB,1039,2022-08-04T11:30:00Z,North,Control,5205,5305
MB,1039,2022-08-04T11:30:00Z,East,1,5094,5194
MB,1039,2022-08-04T11:30:00Z,East,2,5095,5195
MB,1039,2022-08-04T11:30:00Z,East,3,5096,5196
MB,1039,2022-08-04T11:30:00Z,East,4,5097,5197
MB,1039,2022-08-04T11:30:00Z,East,5,5098,5198
MB,1039,2022-08-04T11:30:00Z,East,Control,5099,5199
MB,1039,2022-08-04T11:30:00Z,South,1,5087,5187
MB,1039,2022-08-04T11:30:00Z,South,2,5088,5188
MB,1039,2022-08-04T11:30:00Z,South,3,5089,5189
MB,1039,2022-08-04T11:30:00Z,South,4,5091,5191
MB,1039,2022-08-04T11:30:00Z,South,5,5092,5192
MB,1039,2022-08-04T11:30:00Z,South,Control,5093,5193
MB,1039,2022-08-04T11:30:00Z,West,1,5206,5306
MB,1039,2022-08-04T11:30:00Z,West,2,5207,5307
MB,1039,2022-08-04T11:30:00Z,West,3,5208,5308
MB,1039,2022-08-04T11:30:00Z,West,4,5209,5309
MB,1039,2022-08-04T11:30:00Z,West,5,5211,5311
MB,1039,2022-08-04T11:30:00Z,West,Control,5212,5312
MB,1018,2022-08-04T11:00:00Z,North,1,5081,5175
MB,1018,2022-08-04T11:00:00Z,North,2,5075,5176
MB,1018,2022-08-04T11:00:00Z,North,3,5076,5177
MB,1018,2022-08-04T11:00:00Z,North,4,5077,5178
MB,1018,2022-08-04T11:00:00Z,North,5,5078,5179
MB,1018,2022-08-04T11:00:00Z,North,Control,5079,5181
MB,1018,2022-08-04T11:00:00Z,East,1,5068,5168
MB,1018,2022-08-04T11:00:00Z,East,2,5069,5169
MB,1018,2022-08-04T11:00:00Z,East,3,5071,5171
MB,1018,2022-08-04T11:00:00Z,East,4,5072,5172
MB,1018,2022-08-04T11:00:00Z,East,5,5073,5173
MB,1018,2022-08-04T11:00:00Z,East,Control,5074,5174
MB,1018,2022-08-04T11:00:00Z,South,1,5062,5162
MB,1018,2022-08-04T11:00:00Z,South,2,5063,5163
MB,1018,2022-08-04T11:00:00Z,South,3,5064,5164
MB,1018,2022-08-04T11:00:00Z,South,4,5065,5165
MB,1018,2022-08-04T11:00:00Z,South,5,5066,5166
MB,1018,2022-08-04T11:00:00Z,South,Control,5067,5167
MB,1018,2022-08-04T11:00:00Z,West,1,5082,5182
MB,1018,2022-08-04T11:00:00Z,West,2,5083,5183
MB,1018,2022-08-04T11:00:00Z,West,3,5084,5184
MB,1018,2022-08-04T11:00:00Z,West,4,5085,5185
MB,1018,2022-08-04T11:00:00Z,West,Control,5086,5186
MB,1070,2022-08-04T10:30:00Z,North,1,5049,5149
MB,1070,2022-08-04T10:30:00Z,North,2,5051,5151
MB,1070,2022-08-04T10:30:00Z,North,3,5052,5152
MB,1070,2022-08-04T10:30:00Z,North,4,5053,5153
MB,1070,2022-08-04T10:30:00Z,North,5,5054,5154
MB,1070,2022-08-04T10:30:00Z,North,Control,5055,5155
MB,1070,2022-08-04T10:30:00Z,East,1,5043,5143
MB,1070,2022-08-04T10:30:00Z,East,2,5044,5144
MB,1070,2022-08-04T10:30:00Z,East,3,5045,5145
MB,1070,2022-08-04T10:30:00Z,East,4,5046,5146
MB,1070,2022-08-04T10:30:00Z,East,5,5047,5147
MB,1070,2022-08-04T10:30:00Z,East,Control,5048,5148
MB,1070,2022-08-04T10:30:00Z,South,1,5036,5136
MB,1070,2022-08-04T10:30:00Z,South,2,5037,5137
MB,1070,2022-08-04T10:30:00Z,South,3,5038,5138
MB,1070,2022-08-04T10:30:00Z,South,4,5039,5139
MB,1070,2022-08-04T10:30:00Z,South,5,5041,5141
MB,1070,2022-08-04T10:30:00Z,South,Control,5042,5142
MB,1070,2022-08-04T10:30:00Z,West,1,5056,5156
MB,1070,2022-08-04T10:30:00Z,West,2,5057,5157
MB,1070,2022-08-04T10:30:00Z,West,3,5058,5158
MB,1070,2022-08-04T10:30:00Z,West,4,5059,5159
MB,1070,2022-08-04T10:30:00Z,West,Control,5061,5161
MB,1037,2022-08-04T10:10:00Z,North,1,5024,5124
MB,1037,2022-08-04T10:10:00Z,North,2,5025,5125
MB,1037,2022-08-04T10:10:00Z,North,3,5026,5126
MB,1037,2022-08-04T10:10:00Z,North,4,5027,5127
MB,1037,2022-08-04T10:10:00Z,North,5,5028,5128
MB,1037,2022-08-04T10:10:00Z,North,Control,5029,5129
MB,1037,2022-08-04T10:10:00Z,East,1,5017,5117
MB,1037,2022-08-04T10:10:00Z,East,2,5018,5118
MB,1037,2022-08-04T10:10:00Z,East,3,5019,5119
MB,1037,2022-08-04T10:10:00Z,East,4,5021,5121
MB,1037,2022-08-04T10:10:00Z,East,5,5022,5122
MB,1037,2022-08-04T10:10:00Z,East,Control,5023,5123
MB,1037,2022-08-04T10:10:00Z,South,1,5011,5111
MB,1037,2022-08-04T10:10:00Z,South,2,5012,5112
MB,1037,2022-08-04T10:10:00Z,South,3,5013,5113
MB,1037,2022-08-04T10:10:00Z,South,4,5014,5114
MB,1037,2022-08-04T10:10:00Z,South,5,5015,5115
MB,1037,2022-08-04T10:10:00Z,South,Control,5016,5116
MB,1037,2022-08-04T10:10:00Z,West,1,5031,5131
MB,1037,2022-08-04T10:10:00Z,West,2,5032,5132
MB,1037,2022-08-04T10:10:00Z,West,3,5033,5133
MB,1037,2022-08-04T10:10:00Z,West,4,5034,5134
MB,1037,2022-08-04T10:10:00Z,West,Control,5035,5135
MA,744,2022-08-04T07:10:00Z,North,1,4837,4937
MA,744,2022-08-04T07:10:00Z,North,2,4838,4938
MA,744,2022-08-04T07:10:00Z,North,3,4839,4939
MA,744,2022-08-04T07:10:00Z,North,4,4841,4941
MA,744,2022-08-04T07:10:00Z,North,5,4842,4942
MA,744,2022-08-04T07:10:00Z,North,Control,4843,4943
MA,744,2022-08-04T07:10:00Z,East,1,4831,4931
MA,744,2022-08-04T07:10:00Z,East,2,4832,4932
MA,744,2022-08-04T07:10:00Z,East,3,4833,4933
MA,744,2022-08-04T07:10:00Z,East,4,4834,4934
MA,744,2022-08-04T07:10:00Z,East,5,4835,4935
MA,744,2022-08-04T07:10:00Z,East,Control,4836,4936
MA,744,2022-08-04T07:10:00Z,South,1,4824,4924
MA,744,2022-08-04T07:10:00Z,South,2,4825,4925
MA,744,2022-08-04T07:10:00Z,South,3,4826,4926
MA,744,2022-08-04T07:10:00Z,South,4,4827,4927
MA,744,2022-08-04T07:10:00Z,South,5,4828,4928
MA,744,2022-08-04T07:10:00Z,South,Control,4829,4929
MA,744,2022-08-04T07:10:00Z,West,1,4844,4944
MA,744,2022-08-04T07:10:00Z,West,2,4845,4945
MA,744,2022-08-04T07:10:00Z,West,3,4846,4946
MA,744,2022-08-04T07:10:00Z,West,4,4847,4947
MA,744,2022-08-04T07:10:00Z,West,Control,4848,4948
MA,739,2022-08-04T07:10:00Z,North,1,4812,4912
MA,739,2022-08-04T07:10:00Z,North,2,4813,4913
MA,739,2022-08-04T07:10:00Z,North,3,4814,4914
MA,739,2022-08-04T07:10:00Z,North,4,4815,4915
MA,739,2022-08-04T07:10:00Z,North,5,4816,4916
MA,739,2022-08-04T07:10:00Z,North,Control,4817,4917
MA,739,2022-08-04T07:10:00Z,East,1,4695,4795
MA,739,2022-08-04T07:10:00Z,East,2,4696,4796
MA,739,2022-08-04T07:10:00Z,East,3,4697,4797
MA,739,2022-08-04T07:10:00Z,East,4,4698,4798
MA,739,2022-08-04T07:10:00Z,East,5,4699,4799
MA,739,2022-08-04T07:10:00Z,East,Control,4811,4911
MA,739,2022-08-04T07:10:00Z,South,1,4688,4788
MA,739,2022-08-04T07:10:00Z,South,2,4689,4789
MA,739,2022-08-04T07:10:00Z,South,3,4691,4791
MA,739,2022-08-04T07:10:00Z,South,4,4692,4792
MA,739,2022-08-04T07:10:00Z,South,5,4693,4793
MA,739,2022-08-04T07:10:00Z,South,Control,4694,4794
MA,739,2022-08-04T07:10:00Z,West,1,4818,4918
MA,739,2022-08-04T07:10:00Z,West,2,4819,4919
MA,739,2022-08-04T07:10:00Z,West,3,4821,4921
MA,739,2022-08-04T07:10:00Z,West,4,4822,4922
MA,739,2022-08-04T07:10:00Z,West,Control,4823,4923
MB,1013,2022-08-04T09:40:00Z,North,1,4888,4988
MB,1013,2022-08-04T09:40:00Z,North,2,4889,4989
MB,1013,2022-08-04T09:40:00Z,North,3,4891,4991
MB,1013,2022-08-04T09:40:00Z,North,4,4992,5092
MB,1013,2022-08-04T09:40:00Z,North,Control,4993,5093
MB,1013,2022-08-04T09:40:00Z,East,1,4882,4982
MB,1013,2022-08-04T09:40:00Z,East,2,4883,4983
MB,1013,2022-08-04T09:40:00Z,East,3,4884,4984
MB,1013,2022-08-04T09:40:00Z,East,4,4885,4985
MB,1013,2022-08-04T09:40:00Z,East,5,4886,4986
MB,1013,2022-08-04T09:40:00Z,East,Control,4887,4987
MB,1013,2022-08-04T09:40:00Z,South,1,4875,4975
MB,1013,2022-08-04T09:40:00Z,South,2,4876,4976
MB,1013,2022-08-04T09:40:00Z,South,3,4877,4977
MB,1013,2022-08-04T09:40:00Z,South,4,4878,4978
MB,1013,2022-08-04T09:40:00Z,South,5,4879,4979
MB,1013,2022-08-04T09:40:00Z,South,Control,4881,4981
MB,1013,2022-08-04T09:40:00Z,West,1,4894,4994
MB,1013,2022-08-04T09:40:00Z,West,2,4895,4995
MB,1013,2022-08-04T09:40:00Z,West,3,4896,4996
MB,1013,2022-08-04T09:40:00Z,West,4,4897,4997
MB,1013,2022-08-04T09:40:00Z,West,5,4898,4998
MB,1013,2022-08-04T09:40:00Z,West,Control,4899,4999
MA,722,2022-08-04T09:00:00Z,North,1,4863,4963
MA,722,2022-08-04T09:00:00Z,North,2,4864,4964
MA,722,2022-08-04T09:00:00Z,North,3,4865,4965
MA,722,2022-08-04T09:00:00Z,North,4,4866,4966
MA,722,2022-08-04T09:00:00Z,North,5,4867,4967
MA,722,2022-08-04T09:00:00Z,North,Control,4868,4968
MA,722,2022-08-04T09:00:00Z,East,1,4856,4956
MA,722,2022-08-04T09:00:00Z,East,2,48567,48667
MA,722,2022-08-04T09:00:00Z,East,3,4858,4958
MA,722,2022-08-04T09:00:00Z,East,4,4859,4959
MA,722,2022-08-04T09:00:00Z,East,5,4861,4961
MA,722,2022-08-04T09:00:00Z,East,Control,4862,4962
MA,722,2022-08-04T09:00:00Z,South,1,4849,4949
MA,722,2022-08-04T09:00:00Z,South,2,4851,4951
MA,722,2022-08-04T09:00:00Z,South,3,4852,4952
MA,722,2022-08-04T09:00:00Z,South,4,4853,4953
MA,722,2022-08-04T09:00:00Z,South,5,4854,4954
MA,722,2022-08-04T09:00:00Z,South,Control,4855,4955
MA,722,2022-08-04T09:00:00Z,West,1,4869,4969
MA,722,2022-08-04T09:00:00Z,West,2,4871,4971
MA,722,2022-08-04T09:00:00Z,West,3,4872,4972
MA,722,2022-08-04T09:00:00Z,West,4,4873,4973
MA,722,2022-08-04T09:00:00Z,West,Control,4874,4974
MA,751,2022-08-03T17:19:59Z,North,1,4676,4776
MA,751,2022-08-03T17:19:59Z,North,2,4677,4777
MA,751,2022-08-03T17:19:59Z,North,3,4678,4778
MA,751,2022-08-03T17:19:59Z,North,4,4679,4779
MA,751,2022-08-03T17:19:59Z,North,Control,4681,4781
MA,751,2022-08-03T17:19:59Z,East,1,4669,4769
MA,751,2022-08-03T17:19:59Z,East,2,4671,4771
MA,751,2022-08-03T17:19:59Z,East,3,4672,4772
MA,751,2022-08-03T17:19:59Z,East,4,4673,4773
MA,751,2022-08-03T17:19:59Z,East,5,4674,4774
MA,751,2022-08-03T17:19:59Z,East,Control,4675,4775
MA,751,2022-08-03T17:19:59Z,South,1,4663,4763
MA,751,2022-08-03T17:19:59Z,South,2,4664,4764
MA,751,2022-08-03T17:19:59Z,South,3,4665,4765
MA,751,2022-08-03T17:19:59Z,South,4,4666,4766
MA,751,2022-08-03T17:19:59Z,South,5,4667,4767
MA,751,2022-08-03T17:19:59Z,South,Control,4668,4768
MA,751,2022-08-03T17:19:59Z,West,1,4682,4782
MA,751,2022-08-03T17:19:59Z,West,2,4683,4783
MA,751,2022-08-03T17:19:59Z,West,3,4684,4784
MA,751,2022-08-03T17:19:59Z,West,4,4685,4785
MA,751,2022-08-03T17:19:59Z,West,5,4686,4786
MA,751,2022-08-03T17:19:59Z,West,Control,4687,4787
MA,779,2022-08-03T16:45:00Z,North,1,4652,4752
MA,779,2022-08-03T16:45:00Z,North,2,4653,4753
MA,779,2022-08-03T16:45:00Z,North,3,4654,4754
MA,779,2022-08-03T16:45:00Z,North,4,4655,4755
MA,779,2022-08-03T16:45:00Z,North,Control,4656,4756
MA,779,2022-08-03T16:45:00Z,East,1,4645,4745
MA,779,2022-08-03T16:45:00Z,East,2,4646,4746
MA,779,2022-08-03T16:45:00Z,East,3,4647,4747
MA,779,2022-08-03T16:45:00Z,East,4,4648,4748
MA,779,2022-08-03T16:45:00Z,East,5,4649,4749
MA,779,2022-08-03T16:45:00Z,East,Control,4651,4751
MA,779,2022-08-03T16:45:00Z,South,1,4638,4738
MA,779,2022-08-03T16:45:00Z,South,2,4639,4739
MA,779,2022-08-03T16:45:00Z,South,3,4641,4741
MA,779,2022-08-03T16:45:00Z,South,4,4642,4742
MA,779,2022-08-03T16:45:00Z,South,5,4643,4743
MA,779,2022-08-03T16:45:00Z,South,Control,4644,4744
MA,779,2022-08-03T16:45:00Z,West,1,4657,4757
MA,779,2022-08-03T16:45:00Z,West,2,4658,4758
MA,779,2022-08-03T16:45:00Z,West,3,4659,4759
MA,779,2022-08-03T16:45:00Z,West,4,4661,4761
MA,779,2022-08-03T16:45:00Z,West,Control,4662,4762
MC,632,2022-08-03T15:15:00Z,North,1,4625,4725
MC,632,2022-08-03T15:15:00Z,North,2,4626,4726
MC,632,2022-08-03T15:15:00Z,North,3,4627,4727
MC,632,2022-08-03T15:15:00Z,North,4,4628,4728
MC,632,2022-08-03T15:15:00Z,North,5,4629,4729
MC,632,2022-08-03T15:15:00Z,North,Control,4631,4731
MC,632,2022-08-03T15:15:00Z,East,1,4619,4719
MC,632,2022-08-03T15:15:00Z,East,2,4621,4721
MC,632,2022-08-03T15:15:00Z,East,3,4622,4722
MC,632,2022-08-03T15:15:00Z,East,4,4623,4723
MC,632,2022-08-03T15:15:00Z,East,Control,4624,4724
MC,632,2022-08-03T15:15:00Z,South,1,4613,4713
MC,632,2022-08-03T15:15:00Z,South,2,4614,4714
MC,632,2022-08-03T15:15:00Z,South,3,4615,4715
MC,632,2022-08-03T15:15:00Z,South,4,4616,4716
MC,632,2022-08-03T15:15:00Z,South,5,4617,4717
MC,632,2022-08-03T15:15:00Z,South,Control,4618,4718
MC,632,2022-08-03T15:15:00Z,West,1,4632,4732
MC,632,2022-08-03T15:15:00Z,West,2,4633,4733
MC,632,2022-08-03T15:15:00Z,West,3,4634,4734
MC,632,2022-08-03T15:15:00Z,West,4,4635,4735
MC,632,2022-08-03T15:15:00Z,West,5,4636,4736
MC,632,2022-08-03T15:15:00Z,West,Control,4637,4737
MC,T8,2022-08-03T15:15:00Z,North,1,4497,4597
MC,T8,2022-08-03T15:15:00Z,North,2,4498,4598
MC,T8,2022-08-03T15:15:00Z,North,3,4499,4599
MC,T8,2022-08-03T15:15:00Z,North,4,4611,4711
MC,T8,2022-08-03T15:15:00Z,North,Control,4612,4712
MC,T8,2022-08-03T15:15:00Z,East,1,4484,4584
MC,T8,2022-08-03T15:15:00Z,East,2,4485,4585
MC,T8,2022-08-03T15:15:00Z,East,3,4486,4586
MC,T8,2022-08-03T15:15:00Z,East,4,4487,4587
MC,T8,2022-08-03T15:15:00Z,East,5,4488,4588
MC,T8,2022-08-03T15:15:00Z,East,Control,4489,4589
MC,T8,2022-08-03T15:15:00Z,South,1,4477,4577
MC,T8,2022-08-03T15:15:00Z,South,2,4478,4578
MC,T8,2022-08-03T15:15:00Z,South,3,4479,4579
MC,T8,2022-08-03T15:15:00Z,South,4,4481,4581
MC,T8,2022-08-03T15:15:00Z,South,5,4482,4582
MC,T8,2022-08-03T15:15:00Z,South,Control,4483,4583
MC,T8,2022-08-03T15:15:00Z,West,1,4491,4591
MC,T8,2022-08-03T15:15:00Z,West,2,4492,4592
MC,T8,2022-08-03T15:15:00Z,West,3,4493,4593
MC,T8,2022-08-03T15:15:00Z,West,4,4494,4594
MC,T8,2022-08-03T15:15:00Z,West,5,4495,4595
MC,T8,2022-08-03T15:15:00Z,West,Control,4496,4596
MC,T1,2022-08-03T14:00:00Z,North,1,4415,4515
MC,T1,2022-08-03T14:00:00Z,North,2,4416,4516
MC,T1,2022-08-03T14:00:00Z,North,3,4417,4517
MC,T1,2022-08-03T14:00:00Z,North,4,4418,4518
MC,T1,2022-08-03T14:00:00Z,North,Control,4419,4519
MC,T1,2022-08-03T14:00:00Z,East,1,4298,4398
MC,T1,2022-08-03T14:00:00Z,East,2,4299,4399
MC,T1,2022-08-03T14:00:00Z,East,3,4411,4511
MC,T1,2022-08-03T14:00:00Z,East,4,4412,4512
MC,T1,2022-08-03T14:00:00Z,East,5,4413,4513
MC,T1,2022-08-03T14:00:00Z,East,Control,4414,4514
MC,T1,2022-08-03T14:00:00Z,South,1,4292,4392
MC,T1,2022-08-03T14:00:00Z,South,2,4293,4393
MC,T1,2022-08-03T14:00:00Z,South,3,4294,4394
MC,T1,2022-08-03T14:00:00Z,South,4,4295,4395
MC,T1,2022-08-03T14:00:00Z,South,5,4296,4396
MC,T1,2022-08-03T14:00:00Z,South,Control,4297,4397
MC,T1,2022-08-03T14:00:00Z,West,1,4421,4521
MC,T1,2022-08-03T14:00:00Z,West,2,4422,4522
MC,T1,2022-08-03T14:00:00Z,West,3,4423,4523
MC,T1,2022-08-03T14:00:00Z,West,4,4424,4524
MC,T1,2022-08-03T14:00:00Z,West,Control,4425,4525
MD,1479,2022-08-03T13:15:00Z,North,1,4279,4379
MD,1479,2022-08-03T13:15:00Z,North,2,4281,4381
MD,1479,2022-08-03T13:15:00Z,North,3,4282,4382
MD,1479,2022-08-03T13:15:00Z,North,4,4283,4383
MD,1479,2022-08-03T13:15:00Z,North,5,4284,4384
MD,1479,2022-08-03T13:15:00Z,North,Control,4285,4385
MD,1479,2022-08-03T13:15:00Z,East,1,4273,4373
MD,1479,2022-08-03T13:15:00Z,East,2,4274,4374
MD,1479,2022-08-03T13:15:00Z,East,3,4275,4375
MD,1479,2022-08-03T13:15:00Z,East,4,4276,4376
MD,1479,2022-08-03T13:15:00Z,East,5,4277,4377
MD,1479,2022-08-03T13:15:00Z,East,Control,4278,4378
MD,1479,2022-08-03T13:15:00Z,South,1,4266,4366
MD,1479,2022-08-03T13:15:00Z,South,2,4267,4367
MD,1479,2022-08-03T13:15:00Z,South,3,4268,4368
MD,1479,2022-08-03T13:15:00Z,South,4,4269,4369
MD,1479,2022-08-03T13:15:00Z,South,5,4271,4371
MD,1479,2022-08-03T13:15:00Z,South,Control,4272,4372
MD,1479,2022-08-03T13:15:00Z,West,1,4286,4386
MD,1479,2022-08-03T13:15:00Z,West,2,4287,4387
MD,1479,2022-08-03T13:15:00Z,West,3,4288,4388
MD,1479,2022-08-03T13:15:00Z,West,4,4289,4389
MD,1479,2022-08-03T13:15:00Z,West,Control,4291,4391
MC,T4,2022-08-03T14:25:00Z,North,1,4465,4565
MC,T4,2022-08-03T14:25:00Z,North,2,4466,4566
MC,T4,2022-08-03T14:25:00Z,North,3,4467,4567
MC,T4,2022-08-03T14:25:00Z,North,4,4468,4568
MC,T4,2022-08-03T14:25:00Z,North,5,4469,4569
MC,T4,2022-08-03T14:25:00Z,North,Control,4471,4571
MC,T4,2022-08-03T14:25:00Z,East,1,4458,4558
MC,T4,2022-08-03T14:25:00Z,East,2,4459,4559
MC,T4,2022-08-03T14:25:00Z,East,3,4461,4561
MC,T4,2022-08-03T14:25:00Z,East,4,4462,4562
MC,T4,2022-08-03T14:25:00Z,East,5,4463,4563
MC,T4,2022-08-03T14:25:00Z,East,Control,4464,4564
MC,T4,2022-08-03T14:25:00Z,South,1,4452,4552
MC,T4,2022-08-03T14:25:00Z,South,2,4453,4553
MC,T4,2022-08-03T14:25:00Z,South,3,4454,4554
MC,T4,2022-08-03T14:25:00Z,South,4,4455,4555
MC,T4,2022-08-03T14:25:00Z,South,5,4456,4556
MC,T4,2022-08-03T14:25:00Z,South,Control,4457,4557
MC,T4,2022-08-03T14:25:00Z,West,1,4472,4572
MC,T4,2022-08-03T14:25:00Z,West,2,4473,4573
MC,T4,2022-08-03T14:25:00Z,West,3,4474,4574
MC,T4,2022-08-03T14:25:00Z,West,4,4475,4575
MC,T4,2022-08-03T14:25:00Z,West,Control,4476,4576
MC,623,2022-08-03T14:25:00Z,North,1,4439,4539
MC,623,2022-08-03T14:25:00Z,North,2,4441,4541
MC,623,2022-08-03T14:25:00Z,North,3,4442,4542
MC,623,2022-08-03T14:25:00Z,North,4,4443,4543
MC,623,2022-08-03T14:25:00Z,North,Control,4444,4544
MC,623,2022-08-03T14:25:00Z,East,1,4433,4533
MC,623,2022-08-03T14:25:00Z,East,2,4434,4534
MC,623,2022-08-03T14:25:00Z,East,3,4435,4535
MC,623,2022-08-03T14:25:00Z,East,4,4436,4536
MC,623,2022-08-03T14:25:00Z,East,5,4437,4537
MC,623,2022-08-03T14:25:00Z,East,Control,4438,4538
MC,623,2022-08-03T14:25:00Z,South,1,4426,4526
MC,623,2022-08-03T14:25:00Z,South,2,4427,4527
MC,623,2022-08-03T14:25:00Z,South,3,4428,4528
MC,623,2022-08-03T14:25:00Z,South,4,4429,4529
MC,623,2022-08-03T14:25:00Z,South,5,4431,4531
MC,623,2022-08-03T14:25:00Z,South,Control,4432,4532
MC,623,2022-08-03T14:25:00Z,West,1,4445,4545
MC,623,2022-08-03T14:25:00Z,West,2,4446,4546
MC,623,2022-08-03T14:25:00Z,West,3,4447,4547
MC,623,2022-08-03T14:25:00Z,West,4,4448,4548
MC,623,2022-08-03T14:25:00Z,West,5,4449,4549
MC,623,2022-08-03T14:25:00Z,West,Control,4451,4551
MD,1425,2022-08-03T10:50:00Z,North,1,4093,4193
MD,1425,2022-08-03T10:50:00Z,North,2,4094,4194
MD,1425,2022-08-03T10:50:00Z,North,3,4095,4195
MD,1425,2022-08-03T10:50:00Z,North,4,4096,4196
MD,1425,2022-08-03T10:50:00Z,North,Control,4097,4197
MD,1425,2022-08-03T10:50:00Z,East,1,4086,4186
MD,1425,2022-08-03T10:50:00Z,East,2,4087,4187
MD,1425,2022-08-03T10:50:00Z,East,3,4088,4188
MD,1425,2022-08-03T10:50:00Z,East,4,4089,4189
MD,1425,2022-08-03T10:50:00Z,East,5,4091,4191
MD,1425,2022-08-03T10:50:00Z,East,Control,4092,4192
MD,1425,2022-08-03T10:50:00Z,South,1,4079,4179
MD,1425,2022-08-03T10:50:00Z,South,2,4081,4181
MD,1425,2022-08-03T10:50:00Z,South,3,4082,4182
MD,1425,2022-08-03T10:50:00Z,South,4,4083,4183
MD,1425,2022-08-03T10:50:00Z,South,5,4084,4184
MD,1425,2022-08-03T10:50:00Z,South,Control,4085,4185
MD,1425,2022-08-03T10:50:00Z,West,1,4098,4198
MD,1425,2022-08-03T10:50:00Z,West,2,4099,4199
MD,1425,2022-08-03T10:50:00Z,West,3,4211,4311
MD,1425,2022-08-03T10:50:00Z,West,4,4212,4312
MD,1425,2022-08-03T10:50:00Z,West,5,4213,4313
MD,1425,2022-08-03T10:50:00Z,West,Control,4214,4314
MD,1448,2022-08-03T10:20:00Z,North,1,4067,4167
MD,1448,2022-08-03T10:20:00Z,North,2,4068,4168
MD,1448,2022-08-03T10:20:00Z,North,3,4069,4169
MD,1448,2022-08-03T10:20:00Z,North,4,4071,4171
MD,1448,2022-08-03T10:20:00Z,North,Control,4072,4172
MD,1448,2022-08-03T10:20:00Z,East,1,4061,4161
MD,1448,2022-08-03T10:20:00Z,East,2,4062,4162
MD,1448,2022-08-03T10:20:00Z,East,3,4063,4163
MD,1448,2022-08-03T10:20:00Z,East,4,4064,4164
MD,1448,2022-08-03T10:20:00Z,East,5,4065,4165
MD,1448,2022-08-03T10:20:00Z,East,Control,4066,4166
MD,1448,2022-08-03T10:20:00Z,South,1,4054,4154
MD,1448,2022-08-03T10:20:00Z,South,2,4055,4155
MD,1448,2022-08-03T10:20:00Z,South,3,4056,4156
MD,1448,2022-08-03T10:20:00Z,South,4,4057,4157
MD,1448,2022-08-03T10:20:00Z,South,5,4058,4158
MD,1448,2022-08-03T10:20:00Z,South,Control,4059,4159
MD,1448,2022-08-03T10:20:00Z,West,1,4073,4173
MD,1448,2022-08-03T10:20:00Z,West,2,4074,4174
MD,1448,2022-08-03T10:20:00Z,West,3,4075,4175
MD,1448,2022-08-03T10:20:00Z,West,4,4076,4176
MD,1448,2022-08-03T10:20:00Z,West,5,4077,4177
MD,1448,2022-08-03T10:20:00Z,West,Control,4078,4178
MD,1496,2022-08-03T12:49:59Z,North,1,4253,4353
MD,1496,2022-08-03T12:49:59Z,North,2,4254,4354
MD,1496,2022-08-03T12:49:59Z,North,3,4255,4355
MD,1496,2022-08-03T12:49:59Z,North,4,4256,4356
MD,1496,2022-08-03T12:49:59Z,North,5,4257,4357
MD,1496,2022-08-03T12:49:59Z,North,Control,4258,4358
MD,1496,2022-08-03T12:49:59Z,East,1,4247,4347
MD,1496,2022-08-03T12:49:59Z,East,2,4248,4348
MD,1496,2022-08-03T12:49:59Z,East,3,4249,4349
MD,1496,2022-08-03T12:49:59Z,East,4,4251,4351
MD,1496,2022-08-03T12:49:59Z,East,Control,4252,4352
MD,1496,2022-08-03T12:49:59Z,South,1,4241,4341
MD,1496,2022-08-03T12:49:59Z,South,2,4242,4342
MD,1496,2022-08-03T12:49:59Z,South,3,4243,4343
MD,1496,2022-08-03T12:49:59Z,South,4,4244,4344
MD,1496,2022-08-03T12:49:59Z,South,5,4245,4345
MD,1496,2022-08-03T12:49:59Z,South,Control,4246,4346
MD,1496,2022-08-03T12:49:59Z,West,1,4259,4359
MD,1496,2022-08-03T12:49:59Z,West,2,4261,4361
MD,1496,2022-08-03T12:49:59Z,West,3,4262,4362
MD,1496,2022-08-03T12:49:59Z,West,4,4263,4363
MD,1496,2022-08-03T12:49:59Z,West,5,4264,4364
MD,1496,2022-08-03T12:49:59Z,West,Control,4265,4365
MD,1411,2022-08-03T11:19:59Z,North,1,4227,4327
MD,1411,2022-08-03T11:19:59Z,North,2,4228,4328
MD,1411,2022-08-03T11:19:59Z,North,3,4229,4329
MD,1411,2022-08-03T11:19:59Z,North,4,4231,4331
MD,1411,2022-08-03T11:19:59Z,North,5,4232,4332
MD,1411,2022-08-03T11:19:59Z,North,Control,4233,4333
MD,1411,2022-08-03T11:19:59Z,East,1,4222,4322
MD,1411,2022-08-03T11:19:59Z,East,2,4223,4323
MD,1411,2022-08-03T11:19:59Z,East,3,4224,4324
MD,1411,2022-08-03T11:19:59Z,East,4,4225,4325
MD,1411,2022-08-03T11:19:59Z,East,Control,4226,4326
MD,1411,2022-08-03T11:19:59Z,South,1,4215,4315
MD,1411,2022-08-03T11:19:59Z,South,2,4216,4316
MD,1411,2022-08-03T11:19:59Z,South,3,4217,4317
MD,1411,2022-08-03T11:19:59Z,South,4,4218,4318
MD,1411,2022-08-03T11:19:59Z,South,5,4219,4319
MD,1411,2022-08-03T11:19:59Z,South,Control,4221,4321
MD,1411,2022-08-03T11:19:59Z,West,1,4234,4334
MD,1411,2022-08-03T11:19:59Z,West,2,4235,4335
MD,1411,2022-08-03T11:19:59Z,West,3,4236,4336
MD,1411,2022-08-03T11:19:59Z,West,4,4237,4337
MD,1411,2022-08-03T11:19:59Z,West,5,4238,4338
MD,1411,2022-08-03T11:19:59Z,West,Control,4239,4339
ME,572,2022-08-03T09:04:59Z,North,1,4015,4115
ME,572,2022-08-03T09:04:59Z,North,2,4016,4116
ME,572,2022-08-03T09:04:59Z,North,3,4017,4117
ME,572,2022-08-03T09:04:59Z,North,4,4018,4118
ME,572,2022-08-03T09:04:59Z,North,5,4019,4119
ME,572,2022-08-03T09:04:59Z,North,Control,4021,4121
ME,572,2022-08-03T09:04:59Z,East,1,3898,3998
ME,572,2022-08-03T09:04:59Z,East,2,3899,3999
ME,572,2022-08-03T09:04:59Z,East,3,4011,4111
ME,572,2022-08-03T09:04:59Z,East,4,4012,4112
ME,572,2022-08-03T09:04:59Z,East,5,4013,4113
ME,572,2022-08-03T09:04:59Z,East,Control,4014,4114
ME,572,2022-08-03T09:04:59Z,South,1,3893,3993
ME,572,2022-08-03T09:04:59Z,South,2,3894,3994
ME,572,2022-08-03T09:04:59Z,South,3,3895,3995
ME,572,2022-08-03T09:04:59Z,South,4,3896,3996
ME,572,2022-08-03T09:04:59Z,South,Control,3897,3997
ME,572,2022-08-03T09:04:59Z,West,1,4022,4122
ME,572,2022-08-03T09:04:59Z,West,2,4023,4123
ME,572,2022-08-03T09:04:59Z,West,3,4024,4124
ME,572,2022-08-03T09:04:59Z,West,4,4025,4125
ME,572,2022-08-03T09:04:59Z,West,Control,4026,4126
ME,585,2022-08-03T09:04:59Z,North,1,4041,4141
ME,585,2022-08-03T09:04:59Z,North,2,4042,4142
ME,585,2022-08-03T09:04:59Z,North,3,4043,4143
ME,585,2022-08-03T09:04:59Z,North,4,4044,4144
ME,585,2022-08-03T09:04:59Z,North,5,4045,4145
ME,585,2022-08-03T09:04:59Z,North,Control,4046,4146
ME,585,2022-08-03T09:04:59Z,East,1,4034,4134
ME,585,2022-08-03T09:04:59Z,East,2,4035,4135
ME,585,2022-08-03T09:04:59Z,East,3,4036,4136
ME,585,2022-08-03T09:04:59Z,East,4,4037,4137
ME,585,2022-08-03T09:04:59Z,East,5,4038,4138
ME,585,2022-08-03T09:04:59Z,East,Control,4039,4139
ME,585,2022-08-03T09:04:59Z,South,1,4027,4127
ME,585,2022-08-03T09:04:59Z,South,2,4028,4128
ME,585,2022-08-03T09:04:59Z,South,3,4029,4129
ME,585,2022-08-03T09:04:59Z,South,4,4031,4131
ME,585,2022-08-03T09:04:59Z,South,5,4032,4132
ME,585,2022-08-03T09:04:59Z,South,Control,4033,4133
ME,585,2022-08-03T09:04:59Z,West,1,4047,4147
ME,585,2022-08-03T09:04:59Z,West,2,4048,4148
ME,585,2022-08-03T09:04:59Z,West,3,4049,4149
ME,585,2022-08-03T09:04:59Z,West,4,4051,4151
ME,585,2022-08-03T09:04:59Z,West,5,4052,4152
ME,585,2022-08-03T09:04:59Z,West,Control,4053,4153
ME,T1,2022-08-03T08:30:00Z,North,1,3887,3987
ME,T1,2022-08-03T08:30:00Z,North,2,3888,3988
ME,T1,2022-08-03T08:30:00Z,North,3,3889,3989
ME,T1,2022-08-03T08:30:00Z,North,4,3891,3991
ME,T1,2022-08-03T08:30:00Z,North,Control,3892,3992
ME,T1,2022-08-03T08:30:00Z,East,1,3874,3974
ME,T1,2022-08-03T08:30:00Z,East,2,3875,3975
ME,T1,2022-08-03T08:30:00Z,East,3,3876,3976
ME,T1,2022-08-03T08:30:00Z,East,4,3877,3977
ME,T1,2022-08-03T08:30:00Z,East,5,3878,3978
ME,T1,2022-08-03T08:30:00Z,East,Control,3879,3979
ME,T1,2022-08-03T08:30:00Z,South,1,3868,3968
ME,T1,2022-08-03T08:30:00Z,South,2,3869,3969
ME,T1,2022-08-03T08:30:00Z,South,3,3871,3971
ME,T1,2022-08-03T08:30:00Z,South,4,3872,3972
ME,T1,2022-08-03T08:30:00Z,South,Control,3873,3973
ME,T1,2022-08-03T08:30:00Z,West,1,3881,3981
ME,T1,2022-08-03T08:30:00Z,West,2,3882,3982
ME,T1,2022-08-03T08:30:00Z,West,3,3883,3983
ME,T1,2022-08-03T08:30:00Z,West,4,3884,3984
ME,T1,2022-08-03T08:30:00Z,West,5,3885,3985
ME,T1,2022-08-03T08:30:00Z,West,Control,3886,3986
ME,T5,2022-08-02T16:15:00Z,North,1,3856,3956
ME,T5,2022-08-02T16:15:00Z,North,2,3857,3957
ME,T5,2022-08-02T16:15:00Z,North,3,3858,3958
ME,T5,2022-08-02T16:15:00Z,North,4,3859,3959
ME,T5,2022-08-02T16:15:00Z,North,5,3861,3961
ME,T5,2022-08-02T16:15:00Z,North,Control,3862,3962
ME,T5,2022-08-02T16:15:00Z,East,1,3849,3949
ME,T5,2022-08-02T16:15:00Z,East,2,3851,3951
ME,T5,2022-08-02T16:15:00Z,East,3,3852,3952
ME,T5,2022-08-02T16:15:00Z,East,4,3853,3953
ME,T5,2022-08-02T16:15:00Z,East,5,3854,3954
ME,T5,2022-08-02T16:15:00Z,East,Control,3855,3955
ME,T5,2022-08-02T16:15:00Z,South,1,3843,3943
ME,T5,2022-08-02T16:15:00Z,South,2,3844,3944
ME,T5,2022-08-02T16:15:00Z,South,3,3845,3945
ME,T5,2022-08-02T16:15:00Z,South,4,3846,3946
ME,T5,2022-08-02T16:15:00Z,South,5,3847,3947
ME,T5,2022-08-02T16:15:00Z,South,Control,3848,3948
ME,T5,2022-08-02T16:15:00Z,West,1,3863,3963
ME,T5,2022-08-02T16:15:00Z,West,2,3864,3964
ME,T5,2022-08-02T16:15:00Z,West,3,3865,3965
ME,T5,2022-08-02T16:15:00Z,West,4,3866,3966
ME,T5,2022-08-02T16:15:00Z,West,Control,3867,3967
ME,T3,2022-08-02T15:30:00Z,North,1,3831,3931
ME,T3,2022-08-02T15:30:00Z,North,2,3832,3932
ME,T3,2022-08-02T15:30:00Z,North,3,3833,3933
ME,T3,2022-08-02T15:30:00Z,North,4,3834,3934
ME,T3,2022-08-02T15:30:00Z,North,5,3835,3935
ME,T3,2022-08-02T15:30:00Z,North,Control,3836,3936
ME,T3,2022-08-02T15:30:00Z,East,1,3824,3924
ME,T3,2022-08-02T15:30:00Z,East,2,3825,3925
ME,T3,2022-08-02T15:30:00Z,East,3,3826,3926
ME,T3,2022-08-02T15:30:00Z,East,4,3827,3927
ME,T3,2022-08-02T15:30:00Z,East,5,3828,3928
ME,T3,2022-08-02T15:30:00Z,East,Control,3829,3929
ME,T3,2022-08-02T15:30:00Z,South,1,3817,3917
ME,T3,2022-08-02T15:30:00Z,South,2,3818,3918
ME,T3,2022-08-02T15:30:00Z,South,3,3819,3919
ME,T3,2022-08-02T15:30:00Z,South,4,3821,3921
ME,T3,2022-08-02T15:30:00Z,South,5,3822,3922
ME,T3,2022-08-02T15:30:00Z,South,Control,3823,3923
ME,T3,2022-08-02T15:30:00Z,West,1,3837,3937
ME,T3,2022-08-02T15:30:00Z,West,2,3838,3938
ME,T3,2022-08-02T15:30:00Z,West,3,3839,3939
ME,T3,2022-08-02T15:30:00Z,West,4,3841,3941
ME,T3,2022-08-02T15:30:00Z,West,Control,3842,3942
LF,GRLF3,2022-08-02T10:30:00Z,North,1,3695,3795
LF,GRLF3,2022-08-02T10:30:00Z,North,2,3696,3796
LF,GRLF3,2022-08-02T10:30:00Z,North,3,3697,3797
LF,GRLF3,2022-08-02T10:30:00Z,North,4,3698,3798
LF,GRLF3,2022-08-02T10:30:00Z,North,5,3699,3799
LF,GRLF3,2022-08-02T10:30:00Z,North,Control,3811,3911
LF,GRLF3,2022-08-02T10:30:00Z,East,1,3812,3912
LF,GRLF3,2022-08-02T10:30:00Z,East,2,3813,3913
LF,GRLF3,2022-08-02T10:30:00Z,East,3,3814,3914
LF,GRLF3,2022-08-02T10:30:00Z,East,4,3815,3915
LF,GRLF3,2022-08-02T10:30:00Z,East,Control,3816,3916
LF,GRLF3,2022-08-02T10:30:00Z,South,1,3684,3784
LF,GRLF3,2022-08-02T10:30:00Z,South,2,3685,3785
LF,GRLF3,2022-08-02T10:30:00Z,South,3,3686,3786
LF,GRLF3,2022-08-02T10:30:00Z,South,4,3687,3787
LF,GRLF3,2022-08-02T10:30:00Z,South,Control,3688,3788
LF,GRLF3,2022-08-02T10:30:00Z,West,1,3689,3789
LF,GRLF3,2022-08-02T10:30:00Z,West,2,3691,3791
LF,GRLF3,2022-08-02T10:30:00Z,West,3,3692,3792
LF,GRLF3,2022-08-02T10:30:00Z,West,4,3693,3793
LF,GRLF3,2022-08-02T10:30:00Z,West,Control,3694,3794
LF,GRLF2,2022-08-02T09:30:00Z,North,1,3671,3771
LF,GRLF2,2022-08-02T09:30:00Z,North,2,3672,3772
LF,GRLF2,2022-08-02T09:30:00Z,North,3,3673,3773
LF,GRLF2,2022-08-02T09:30:00Z,North,4,3674,3774
LF,GRLF2,2022-08-02T09:30:00Z,North,5,3675,3775
LF,GRLF2,2022-08-02T09:30:00Z,North,Control,3676,3776
LF,GRLF2,2022-08-02T09:30:00Z,East,1,3665,3765
LF,GRLF2,2022-08-02T09:30:00Z,East,2,3666,3766
LF,GRLF2,2022-08-02T09:30:00Z,East,3,3667,3767
LF,GRLF2,2022-08-02T09:30:00Z,East,4,3668,3768
LF,GRLF2,2022-08-02T09:30:00Z,East,Control,3669,3769
LF,GRLF2,2022-08-02T09:30:00Z,South,1,3659,3759
LF,GRLF2,2022-08-02T09:30:00Z,South,2,3661,3761
LF,GRLF2,2022-08-02T09:30:00Z,South,3,3662,3762
LF,GRLF2,2022-08-02T09:30:00Z,South,4,3663,3763
LF,GRLF2,2022-08-02T09:30:00Z,South,Control,3664,3764
LF,GRLF2,2022-08-02T09:30:00Z,West,1,3677,3777
LF,GRLF2,2022-08-02T09:30:00Z,West,2,3678,3778
LF,GRLF2,2022-08-02T09:30:00Z,West,3,3679,3779
LF,GRLF2,2022-08-02T09:30:00Z,West,4,3681,3781
LF,GRLF2,2022-08-02T09:30:00Z,West,5,3682,3782
LF,GRLF2,2022-08-02T09:30:00Z,West,Control,3683,3783
LF,GRLF1,2022-08-02T08:30:00Z,North,1,3646,3746
LF,GRLF1,2022-08-02T08:30:00Z,North,2,3647,3747
LF,GRLF1,2022-08-02T08:30:00Z,North,3,3648,3748
LF,GRLF1,2022-08-02T08:30:00Z,North,4,3649,3749
LF,GRLF1,2022-08-02T08:30:00Z,North,5,3651,3751
LF,GRLF1,2022-08-02T08:30:00Z,North,Control,3652,3752
LF,GRLF1,2022-08-02T08:30:00Z,East,1,3642,3742
LF,GRLF1,2022-08-02T08:30:00Z,East,2,3643,3743
LF,GRLF1,2022-08-02T08:30:00Z,East,3,3644,3744
LF,GRLF1,2022-08-02T08:30:00Z,East,Control,3645,3745
LF,GRLF1,2022-08-02T08:30:00Z,South,1,3637,3737
LF,GRLF1,2022-08-02T08:30:00Z,South,2,3638,3738
LF,GRLF1,2022-08-02T08:30:00Z,South,3,3639,3739
LF,GRLF1,2022-08-02T08:30:00Z,South,Control,3641,3741
LF,GRLF1,2022-08-02T08:30:00Z,West,1,3653,3753
LF,GRLF1,2022-08-02T08:30:00Z,West,2,3654,3754
LF,GRLF1,2022-08-02T08:30:00Z,West,3,3655,3755
LF,GRLF1,2022-08-02T08:30:00Z,West,4,3656,3756
LF,GRLF1,2022-08-02T08:30:00Z,West,5,3657,3757
LF,GRLF1,2022-08-02T08:30:00Z,West,Control,3658,3758
HD,2616,2022-08-01T10:00:00Z,North,1,3456,3556
HD,2616,2022-08-01T10:00:00Z,North,2,3457,3557
HD,2616,2022-08-01T10:00:00Z,North,3,3458,3558
HD,2616,2022-08-01T10:00:00Z,North,4,3459,3559
HD,2616,2022-08-01T10:00:00Z,North,5,3461,3561
HD,2616,2022-08-01T10:00:00Z,North,Control,3462,3562
HD,2616,2022-08-01T10:00:00Z,East,1,3451,3551
HD,2616,2022-08-01T10:00:00Z,East,2,3452,3552
HD,2616,2022-08-01T10:00:00Z,East,3,3453,3553
HD,2616,2022-08-01T10:00:00Z,East,4,3454,3554
HD,2616,2022-08-01T10:00:00Z,East,Control,3455,3555
HD,2616,2022-08-01T10:00:00Z,South,1,3445,3545
HD,2616,2022-08-01T10:00:00Z,South,2,3446,3546
HD,2616,2022-08-01T10:00:00Z,South,3,3447,3547
HD,2616,2022-08-01T10:00:00Z,South,4,3448,3548
HD,2616,2022-08-01T10:00:00Z,South,Control,3449,3549
HD,2616,2022-08-01T10:00:00Z,West,1,3463,3563
HD,2616,2022-08-01T10:00:00Z,West,2,3464,3564
HD,2616,2022-08-01T10:00:00Z,West,3,3465,3565
HD,2616,2022-08-01T10:00:00Z,West,4,3466,3566
HD,2616,2022-08-01T10:00:00Z,West,5,3467,3567
HD,2616,2022-08-01T10:00:00Z,West,Control,3468,3568
HD,2539,2022-08-01T10:00:00Z,North,1,3433,3533
HD,2539,2022-08-01T10:00:00Z,North,2,3434,3534
HD,2539,2022-08-01T10:00:00Z,North,3,3435,3535
HD,2539,2022-08-01T10:00:00Z,North,4,3436,3536
HD,2539,2022-08-01T10:00:00Z,North,5,3437,3537
HD,2539,2022-08-01T10:00:00Z,North,Control,3438,3538
HD,2539,2022-08-01T10:00:00Z,East,1,3427,3527
HD,2539,2022-08-01T10:00:00Z,East,2,3428,3528
HD,2539,2022-08-01T10:00:00Z,East,3,3429,3529
HD,2539,2022-08-01T10:00:00Z,East,4,3431,3531
HD,2539,2022-08-01T10:00:00Z,East,Control,3432,3532
HD,2539,2022-08-01T10:00:00Z,South,1,3421,3521
HD,2539,2022-08-01T10:00:00Z,South,2,3422,3522
HD,2539,2022-08-01T10:00:00Z,South,3,3423,3523
HD,2539,2022-08-01T10:00:00Z,South,4,3424,3524
HD,2539,2022-08-01T10:00:00Z,South,5,3425,3525
HD,2539,2022-08-01T10:00:00Z,South,Control,3426,3526
HD,2539,2022-08-01T10:00:00Z,West,1,3439,3539
HD,2539,2022-08-01T10:00:00Z,West,2,3441,3541
HD,2539,2022-08-01T10:00:00Z,West,3,3442,3542
HD,2539,2022-08-01T10:00:00Z,West,4,3443,3543
HD,2539,2022-08-01T10:00:00Z,West,Control,3444,3544
LF,410,2022-08-01T10:00:00Z,North,1,3625,3725
LF,410,2022-08-01T10:00:00Z,North,2,3626,3726
LF,410,2022-08-01T10:00:00Z,North,3,3627,3727
LF,410,2022-08-01T10:00:00Z,North,4,3628,3728
LF,410,2022-08-01T10:00:00Z,North,5,3629,3729
LF,410,2022-08-01T10:00:00Z,North,Control,3631,3731
LF,410,2022-08-01T10:00:00Z,East,1,3619,3719
LF,410,2022-08-01T10:00:00Z,East,2,3621,3721
LF,410,2022-08-01T10:00:00Z,East,3,3622,3722
LF,410,2022-08-01T10:00:00Z,East,4,3623,3723
LF,410,2022-08-01T10:00:00Z,East,Control,3624,3724
LF,410,2022-08-01T10:00:00Z,South,1,3614,3714
LF,410,2022-08-01T10:00:00Z,South,2,3615,3715
LF,410,2022-08-01T10:00:00Z,South,3,3616,3716
LF,410,2022-08-01T10:00:00Z,South,4,3617,3717
LF,410,2022-08-01T10:00:00Z,South,Control,3618,3718
LF,410,2022-08-01T10:00:00Z,West,1,3633,3733
LF,410,2022-08-01T10:00:00Z,West,2,3634,3734
LF,410,2022-08-01T10:00:00Z,West,3,3635,3735
LF,410,2022-08-01T10:00:00Z,West,Control,3636,3736
LF,402,2022-08-01T10:00:00Z,North,1,3492,3592
LF,402,2022-08-01T10:00:00Z,North,2,3493,3593
LF,402,2022-08-01T10:00:00Z,North,3,3494,3594
LF,402,2022-08-01T10:00:00Z,North,4,3495,3595
LF,402,2022-08-01T10:00:00Z,North,5,3496,3596
LF,402,2022-08-01T10:00:00Z,North,Control,3497,3597
LF,402,2022-08-01T10:00:00Z,East,1,3475,3575
LF,402,2022-08-01T10:00:00Z,East,2,3487,3587
LF,402,2022-08-01T10:00:00Z,East,3,3488,3588
LF,402,2022-08-01T10:00:00Z,East,4,3489,3589
LF,402,2022-08-01T10:00:00Z,East,Control,3491,3591
LF,402,2022-08-01T10:00:00Z,South,1,3469,3569
LF,402,2022-08-01T10:00:00Z,South,2,3471,3571
LF,402,2022-08-01T10:00:00Z,South,3,3472,3572
LF,402,2022-08-01T10:00:00Z,South,4,3473,3573
LF,402,2022-08-01T10:00:00Z,South,Control,3474,3574
LF,402,2022-08-01T10:00:00Z,West,1,3498,3598
LF,402,2022-08-01T10:00:00Z,West,2,3499,3599
LF,402,2022-08-01T10:00:00Z,West,3,3611,3711
LF,402,2022-08-01T10:00:00Z,West,4,3612,3712
LF,402,2022-08-01T10:00:00Z,West,Control,3613,3713
HD,2551,2022-08-01T09:25:00Z,North,1,3298,3398
HD,2551,2022-08-01T09:25:00Z,North,2,3299,3399
HD,2551,2022-08-01T09:25:00Z,North,3,3411,3511
HD,2551,2022-08-01T09:25:00Z,North,4,3412,3512
HD,2551,2022-08-01T09:25:00Z,North,Control,3413,3513
HD,2551,2022-08-01T09:25:00Z,East,1,3292,3392
HD,2551,2022-08-01T09:25:00Z,East,2,3293,3393
HD,2551,2022-08-01T09:25:00Z,East,3,3294,3394
HD,2551,2022-08-01T09:25:00Z,East,4,3295,3395
HD,2551,2022-08-01T09:25:00Z,East,5,3296,3396
HD,2551,2022-08-01T09:25:00Z,East,Control,3297,3397
HD,2551,2022-08-01T09:25:00Z,South,1,3286,3386
HD,2551,2022-08-01T09:25:00Z,South,2,3287,3387
HD,2551,2022-08-01T09:25:00Z,South,3,3288,3388
HD,2551,2022-08-01T09:25:00Z,South,4,3289,3389
HD,2551,2022-08-01T09:25:00Z,South,Control,3291,3391
HD,2551,2022-08-01T09:25:00Z,West,1,3414,3514
HD,2551,2022-08-01T09:25:00Z,West,2,3415,3515
HD,2551,2022-08-01T09:25:00Z,West,3,3416,3516
HD,2551,2022-08-01T09:25:00Z,West,4,3417,3517
HD,2551,2022-08-01T09:25:00Z,West,5,3418,3518
HD,2551,2022-08-01T09:25:00Z,West,Control,3419,3519
HD,2572,2022-08-01T08:40:00Z,North,1,3275,3375
HD,2572,2022-08-01T08:40:00Z,North,2,3276,3376
HD,2572,2022-08-01T08:40:00Z,North,3,3277,3377
HD,2572,2022-08-01T08:40:00Z,North,4,3278,3378
HD,2572,2022-08-01T08:40:00Z,North,Control,3279,3379
HD,2572,2022-08-01T08:40:00Z,East,1,3268,3368
HD,2572,2022-08-01T08:40:00Z,East,2,3269,3369
HD,2572,2022-08-01T08:40:00Z,East,3,3271,3371
HD,2572,2022-08-01T08:40:00Z,East,4,3272,3372
HD,2572,2022-08-01T08:40:00Z,East,5,3273,3373
HD,2572,2022-08-01T08:40:00Z,East,Control,3274,3374
HD,2572,2022-08-01T08:40:00Z,South,1,3262,3362
HD,2572,2022-08-01T08:40:00Z,South,2,3263,3363
HD,2572,2022-08-01T08:40:00Z,South,3,3264,3364
HD,2572,2022-08-01T08:40:00Z,South,4,3265,3365
HD,2572,2022-08-01T08:40:00Z,South,5,3266,3366
HD,2572,2022-08-01T08:40:00Z,South,Control,3267,3367
HD,2572,2022-08-01T08:40:00Z,West,1,3281,3381
HD,2572,2022-08-01T08:40:00Z,West,2,3282,3382
HD,2572,2022-08-01T08:40:00Z,West,3,3283,3383
HD,2572,2022-08-01T08:40:00Z,West,4,3284,3384
HD,2572,2022-08-01T08:40:00Z,West,Control,3285,3385
HD,2602,2022-08-01T08:00:00Z,North,1,3249,3349
HD,2602,2022-08-01T08:00:00Z,North,2,3251,3351
HD,2602,2022-08-01T08:00:00Z,North,3,3252,3352
HD,2602,2022-08-01T08:00:00Z,North,4,3253,3353
HD,2602,2022-08-01T08:00:00Z,North,5,3254,3354
HD,2602,2022-08-01T08:00:00Z,North,Control,3255,3355
HD,2602,2022-08-01T08:00:00Z,East,1,3243,3343
HD,2602,2022-08-01T08:00:00Z,East,2,3244,3344
HD,2602,2022-08-01T08:00:00Z,East,3,3245,3345
HD,2602,2022-08-01T08:00:00Z,East,4,3246,3346
HD,2602,2022-08-01T08:00:00Z,East,5,3247,3347
HD,2602,2022-08-01T08:00:00Z,East,Control,3248,3348
HD,2602,2022-08-01T08:00:00Z,South,1,3237,3337
HD,2602,2022-08-01T08:00:00Z,South,2,3238,3338
HD,2602,2022-08-01T08:00:00Z,South,3,3239,3339
HD,2602,2022-08-01T08:00:00Z,South,4,3241,3341
HD,2602,2022-08-01T08:00:00Z,South,Control,3242,3342
HD,2602,2022-08-01T08:00:00Z,West,1,3256,3356
HD,2602,2022-08-01T08:00:00Z,West,2,3257,3357
HD,2602,2022-08-01T08:00:00Z,West,3,3258,3358
HD,2602,2022-08-01T08:00:00Z,West,4,3259,3359
HD,2602,2022-08-01T08:00:00Z,West,Control,3261,3361
HA,2218,2022-07-31T17:10:00Z,North,1,3225,3325
HA,2218,2022-07-31T17:10:00Z,North,2,3226,3326
HA,2218,2022-07-31T17:10:00Z,North,3,3227,3327
HA,2218,2022-07-31T17:10:00Z,North,4,3228,3328
HA,2218,2022-07-31T17:10:00Z,North,5,3229,3329
HA,2218,2022-07-31T17:10:00Z,North,Control,3231,3331
HA,2218,2022-07-31T17:10:00Z,East,1,3218,3318
HA,2218,2022-07-31T17:10:00Z,East,2,3219,3319
HA,2218,2022-07-31T17:10:00Z,East,3,3221,3321
HA,2218,2022-07-31T17:10:00Z,East,4,3222,3322
HA,2218,2022-07-31T17:10:00Z,East,5,3223,3323
HA,2218,2022-07-31T17:10:00Z,East,Control,3224,3324
HA,2218,2022-07-31T17:10:00Z,South,1,3213,3313
HA,2218,2022-07-31T17:10:00Z,South,2,3214,3314
HA,2218,2022-07-31T17:10:00Z,South,3,3215,3315
HA,2218,2022-07-31T17:10:00Z,South,4,3216,3316
HA,2218,2022-07-31T17:10:00Z,South,Control,3217,3317
HA,2218,2022-07-31T17:10:00Z,West,1,3232,3332
HA,2218,2022-07-31T17:10:00Z,West,2,3233,3333
HA,2218,2022-07-31T17:10:00Z,West,3,3234,3334
HA,2218,2022-07-31T17:10:00Z,West,4,3235,3335
HA,2218,2022-07-31T17:10:00Z,West,Control,3236,3336
HA,2234,2022-07-31T16:30:00Z,North,1,3091,3191
HA,2234,2022-07-31T16:30:00Z,North,2,3092,3192
HA,2234,2022-07-31T16:30:00Z,North,3,3093,3193
HA,2234,2022-07-31T16:30:00Z,North,4,3094,3194
HA,2234,2022-07-31T16:30:00Z,North,Control,3095,3195
HA,2234,2022-07-31T16:30:00Z,East,1,3084,3184
HA,2234,2022-07-31T16:30:00Z,East,2,3085,3185
HA,2234,2022-07-31T16:30:00Z,East,3,3086,3186
HA,2234,2022-07-31T16:30:00Z,East,4,3087,3187
HA,2234,2022-07-31T16:30:00Z,East,5,3088,3188
HA,2234,2022-07-31T16:30:00Z,East,Control,3089,3189
HA,2234,2022-07-31T16:30:00Z,South,1,3077,3177
HA,2234,2022-07-31T16:30:00Z,South,2,3078,3178
HA,2234,2022-07-31T16:30:00Z,South,3,3079,3179
HA,2234,2022-07-31T16:30:00Z,South,4,3081,3181
HA,2234,2022-07-31T16:30:00Z,South,5,3082,3182
HA,2234,2022-07-31T16:30:00Z,South,Control,3083,3183
HA,2234,2022-07-31T16:30:00Z,West,1,3096,3196
HA,2234,2022-07-31T16:30:00Z,West,2,3097,3197
HA,2234,2022-07-31T16:30:00Z,West,3,3098,3198
HA,2234,2022-07-31T16:30:00Z,West,4,3099,3199
HA,2234,2022-07-31T16:30:00Z,West,5,3211,3311
HA,2234,2022-07-31T16:30:00Z,West,Control,3212,3312
HA,2244,2022-07-31T15:45:00Z,North,1,3065,3165
HA,2244,2022-07-31T15:45:00Z,North,2,3066,3166
HA,2244,2022-07-31T15:45:00Z,North,3,3067,3167
HA,2244,2022-07-31T15:45:00Z,North,4,3068,3168
HA,2244,2022-07-31T15:45:00Z,North,Control,3069,3169
HA,2244,2022-07-31T15:45:00Z,East,1,3058,3158
HA,2244,2022-07-31T15:45:00Z,East,2,3059,3159
HA,2244,2022-07-31T15:45:00Z,East,3,3061,3161
HA,2244,2022-07-31T15:45:00Z,East,4,3062,3162
HA,2244,2022-07-31T15:45:00Z,East,5,3063,3163
HA,2244,2022-07-31T15:45:00Z,East,Control,3064,3164
HA,2244,2022-07-31T15:45:00Z,South,1,3053,3153
HA,2244,2022-07-31T15:45:00Z,South,2,3054,3154
HA,2244,2022-07-31T15:45:00Z,South,3,3055,3155
HA,2244,2022-07-31T15:45:00Z,South,4,3056,3156
HA,2244,2022-07-31T15:45:00Z,South,Control,3057,3157
HA,2244,2022-07-31T15:45:00Z,West,1,3071,3171
HA,2244,2022-07-31T15:45:00Z,West,2,3072,3172
HA,2244,2022-07-31T15:45:00Z,West,3,3073,3173
HA,2244,2022-07-31T15:45:00Z,West,4,3074,3174
HA,2244,2022-07-31T15:45:00Z,West,5,3075,3175
HA,2244,2022-07-31T15:45:00Z,West,Control,3076,3176
HE,2441,2022-07-31T11:06:59Z,North,1,3041,3141
HE,2441,2022-07-31T11:06:59Z,North,2,3042,3142
HE,2441,2022-07-31T11:06:59Z,North,3,3043,3143
HE,2441,2022-07-31T11:06:59Z,North,4,3044,3144
HE,2441,2022-07-31T11:06:59Z,North,Control,3045,3145
HE,2441,2022-07-31T11:06:59Z,East,1,3035,3135
HE,2441,2022-07-31T11:06:59Z,East,2,3036,3136
HE,2441,2022-07-31T11:06:59Z,East,3,3037,3137
HE,2441,2022-07-31T11:06:59Z,East,4,3038,3138
HE,2441,2022-07-31T11:06:59Z,East,Control,3039,3139
HE,2441,2022-07-31T11:06:59Z,South,1,3028,3128
HE,2441,2022-07-31T11:06:59Z,South,2,3029,3129
HE,2441,2022-07-31T11:06:59Z,South,3,3031,3131
HE,2441,2022-07-31T11:06:59Z,South,4,3032,3132
HE,2441,2022-07-31T11:06:59Z,South,5,3033,3133
HE,2441,2022-07-31T11:06:59Z,South,Control,3034,3134
HE,2441,2022-07-31T11:06:59Z,West,1,3046,3146
HE,2441,2022-07-31T11:06:59Z,West,2,3047,3147
HE,2441,2022-07-31T11:06:59Z,West,3,3048,3148
HE,2441,2022-07-31T11:06:59Z,West,4,3049,3149
HE,2441,2022-07-31T11:06:59Z,West,5,3051,3151
HE,2441,2022-07-31T11:06:59Z,West,Control,3052,3152
HE,2439,2022-07-31T10:30:00Z,North,1,3016,3116
HE,2439,2022-07-31T10:30:00Z,North,2,3017,3117
HE,2439,2022-07-31T10:30:00Z,North,3,3018,3118
HE,2439,2022-07-31T10:30:00Z,North,4,3019,3119
HE,2439,2022-07-31T10:30:00Z,North,Control,3021,3121
HE,2439,2022-07-31T10:30:00Z,East,1,3011,3111
HE,2439,2022-07-31T10:30:00Z,East,2,3012,3112
HE,2439,2022-07-31T10:30:00Z,East,3,3013,3113
HE,2439,2022-07-31T10:30:00Z,East,4,3014,3114
HE,2439,2022-07-31T10:30:00Z,East,Control,3015,3115
HE,2439,2022-07-31T10:30:00Z,South,1,2895,2995
HE,2439,2022-07-31T10:30:00Z,South,2,2896,2996
HE,2439,2022-07-31T10:30:00Z,South,3,2897,2997
HE,2439,2022-07-31T10:30:00Z,South,4,2898,2998
HE,2439,2022-07-31T10:30:00Z,South,Control,2899,2999
HE,2439,2022-07-31T10:30:00Z,West,1,3022,3122
HE,2439,2022-07-31T10:30:00Z,West,2,3023,3123
HE,2439,2022-07-31T10:30:00Z,West,3,3024,3124
HE,2439,2022-07-31T10:30:00Z,West,4,3025,3125
HE,2439,2022-07-31T10:30:00Z,West,5,3026,3126
HE,2439,2022-07-31T10:30:00Z,West,Control,3027,3127
HE,2431,2022-07-31T08:30:00Z,North,1,2833,2933
HE,2431,2022-07-31T08:30:00Z,North,2,2834,2934
HE,2431,2022-07-31T08:30:00Z,North,3,2835,2935
HE,2431,2022-07-31T08:30:00Z,North,4,2836,2936
HE,2431,2022-07-31T08:30:00Z,North,Control,2837,2937
HE,2431,2022-07-31T08:30:00Z,East,1,2826,2926
HE,2431,2022-07-31T08:30:00Z,East,2,2827,2927
HE,2431,2022-07-31T08:30:00Z,East,3,2828,2928
HE,2431,2022-07-31T08:30:00Z,East,4,2829,2929
HE,2431,2022-07-31T08:30:00Z,East,5,2831,2931
HE,2431,2022-07-31T08:30:00Z,East,Control,2832,2932
HE,2431,2022-07-31T08:30:00Z,South,1,2821,2921
HE,2431,2022-07-31T08:30:00Z,South,2,2822,2922
HE,2431,2022-07-31T08:30:00Z,South,3,2823,2923
HE,2431,2022-07-31T08:30:00Z,South,4,2824,2924
HE,2431,2022-07-31T08:30:00Z,South,Control,2825,2925
HE,2431,2022-07-31T08:30:00Z,West,1,2838,2938
HE,2431,2022-07-31T08:30:00Z,West,2,2839,2939
HE,2431,2022-07-31T08:30:00Z,West,3,2841,2941
HE,2431,2022-07-31T08:30:00Z,West,4,2842,2942
HE,2431,2022-07-31T08:30:00Z,West,5,2843,2943
HE,2431,2022-07-31T08:30:00Z,West,Control,2844,2944
HC,2758,2022-07-30T17:30:00Z,North,1,2697,2797
HC,2758,2022-07-30T17:30:00Z,North,2,2698,2798
HC,2758,2022-07-30T17:30:00Z,North,3,2699,2799
HC,2758,2022-07-30T17:30:00Z,North,4,2811,2911
HC,2758,2022-07-30T17:30:00Z,North,5,2812,2912
HC,2758,2022-07-30T17:30:00Z,North,Control,2813,2913
HC,2758,2022-07-30T17:30:00Z,East,1,2692,2792
HC,2758,2022-07-30T17:30:00Z,East,2,2693,2793
HC,2758,2022-07-30T17:30:00Z,East,3,2694,2794
HC,2758,2022-07-30T17:30:00Z,East,4,2695,2795
HC,2758,2022-07-30T17:30:00Z,East,Control,2696,2796
HC,2758,2022-07-30T17:30:00Z,South,1,2685,2785
HC,2758,2022-07-30T17:30:00Z,South,2,2686,2786
HC,2758,2022-07-30T17:30:00Z,South,3,2687,2787
HC,2758,2022-07-30T17:30:00Z,South,4,2688,2788
HC,2758,2022-07-30T17:30:00Z,South,5,2689,2789
HC,2758,2022-07-30T17:30:00Z,South,Control,2691,2791
HC,2758,2022-07-30T17:30:00Z,West,1,2814,2914
HC,2758,2022-07-30T17:30:00Z,West,2,2815,2915
HC,2758,2022-07-30T17:30:00Z,West,3,2816,2916
HC,2758,2022-07-30T17:30:00Z,West,4,2817,2917
HC,2758,2022-07-30T17:30:00Z,West,5,2818,2918
HC,2758,2022-07-30T17:30:00Z,West,Control,2819,2919
HE,2398,2022-07-31T09:45:00Z,North,1,2882,2982
HE,2398,2022-07-31T09:45:00Z,North,2,2883,2983
HE,2398,2022-07-31T09:45:00Z,North,3,2884,2984
HE,2398,2022-07-31T09:45:00Z,North,4,2885,2985
HE,2398,2022-07-31T09:45:00Z,North,5,2886,2986
HE,2398,2022-07-31T09:45:00Z,North,Control,2887,2987
HE,2398,2022-07-31T09:45:00Z,East,1,2876,2976
HE,2398,2022-07-31T09:45:00Z,East,2,2877,2977
HE,2398,2022-07-31T09:45:00Z,East,3,2878,2978
HE,2398,2022-07-31T09:45:00Z,East,4,2879,2979
HE,2398,2022-07-31T09:45:00Z,East,Control,2881,2981
HE,2398,2022-07-31T09:45:00Z,South,1,2871,2971
HE,2398,2022-07-31T09:45:00Z,South,2,2872,2972
HE,2398,2022-07-31T09:45:00Z,South,3,2873,2973
HE,2398,2022-07-31T09:45:00Z,South,4,2874,2974
HE,2398,2022-07-31T09:45:00Z,South,Control,2875,2975
HE,2398,2022-07-31T09:45:00Z,West,1,2889,2989
HE,2398,2022-07-31T09:45:00Z,West,2,2891,2991
HE,2398,2022-07-31T09:45:00Z,West,3,2892,2992
HE,2398,2022-07-31T09:45:00Z,West,4,2893,2993
HE,2398,2022-07-31T09:45:00Z,West,Control,2894,2994
HE,2397,2022-07-31T09:04:59Z,North,1,2857,2957
HE,2397,2022-07-31T09:04:59Z,North,2,2858,2958
HE,2397,2022-07-31T09:04:59Z,North,3,2859,2959
HE,2397,2022-07-31T09:04:59Z,North,4,2861,2961
HE,2397,2022-07-31T09:04:59Z,North,5,2862,2962
HE,2397,2022-07-31T09:04:59Z,North,Control,2863,2963
HE,2397,2022-07-31T09:04:59Z,East,1,2851,2951
HE,2397,2022-07-31T09:04:59Z,East,2,2852,2952
HE,2397,2022-07-31T09:04:59Z,East,3,2853,2953
HE,2397,2022-07-31T09:04:59Z,East,4,2854,2954
HE,2397,2022-07-31T09:04:59Z,East,5,2855,2955
HE,2397,2022-07-31T09:04:59Z,East,Control,2856,2956
HE,2397,2022-07-31T09:04:59Z,South,1,2845,2945
HE,2397,2022-07-31T09:04:59Z,South,2,2846,2946
HE,2397,2022-07-31T09:04:59Z,South,3,2847,2947
HE,2397,2022-07-31T09:04:59Z,South,4,2848,2948
HE,2397,2022-07-31T09:04:59Z,South,Control,2849,2949
HE,2397,2022-07-31T09:04:59Z,West,1,2864,2964
HE,2397,2022-07-31T09:04:59Z,West,2,2865,2965
HE,2397,2022-07-31T09:04:59Z,West,3,2866,2966
HE,2397,2022-07-31T09:04:59Z,West,4,2867,2967
HE,2397,2022-07-31T09:04:59Z,West,5,2868,2968
HE,2397,2022-07-31T09:04:59Z,West,Control,2869,2969
HA,2203,2022-07-28T17:00:00Z,North,1,2468,2568
HA,2203,2022-07-28T17:00:00Z,North,2,2469,2569
HA,2203,2022-07-28T17:00:00Z,North,3,2471,2571
HA,2203,2022-07-28T17:00:00Z,North,4,2472,2572
HA,2203,2022-07-28T17:00:00Z,North,Control,2473,2573
HA,2203,2022-07-28T17:00:00Z,East,1,2463,2563
HA,2203,2022-07-28T17:00:00Z,East,2,2464,2564
HA,2203,2022-07-28T17:00:00Z,East,3,2465,2565
HA,2203,2022-07-28T17:00:00Z,East,4,2466,2566
HA,2203,2022-07-28T17:00:00Z,East,Control,2467,2567
HA,2203,2022-07-28T17:00:00Z,South,1,2457,2557
HA,2203,2022-07-28T17:00:00Z,South,2,2458,2558
HA,2203,2022-07-28T17:00:00Z,South,3,2459,2559
HA,2203,2022-07-28T17:00:00Z,South,4,2461,2561
HA,2203,2022-07-28T17:00:00Z,South,Control,2462,2562
HA,2203,2022-07-28T17:00:00Z,West,1,2474,2574
HA,2203,2022-07-28T17:00:00Z,West,2,2475,2575
HA,2203,2022-07-28T17:00:00Z,West,3,2476,2576
HA,2203,2022-07-28T17:00:00Z,West,4,2477,2577
HA,2203,2022-07-28T17:00:00Z,West,5,2478,2578
HA,2203,2022-07-28T17:00:00Z,West,Control,2479,2579
HA,2314,2022-07-28T16:00:00Z,North,1,2445,2545
HA,2314,2022-07-28T16:00:00Z,North,2,2446,2546
HA,2314,2022-07-28T16:00:00Z,North,3,2447,2547
HA,2314,2022-07-28T16:00:00Z,North,4,2448,2548
HA,2314,2022-07-28T16:00:00Z,North,Control,2449,2549
HA,2314,2022-07-28T16:00:00Z,East,1,2438,2538
HA,2314,2022-07-28T16:00:00Z,East,2,2439,2539
HA,2314,2022-07-28T16:00:00Z,East,3,2441,2541
HA,2314,2022-07-28T16:00:00Z,East,4,2442,2542
HA,2314,2022-07-28T16:00:00Z,East,5,2443,2543
HA,2314,2022-07-28T16:00:00Z,East,Control,2444,2544
HA,2314,2022-07-28T16:00:00Z,South,1,2432,2532
HA,2314,2022-07-28T16:00:00Z,South,2,2433,2533
HA,2314,2022-07-28T16:00:00Z,South,3,2434,2534
HA,2314,2022-07-28T16:00:00Z,South,4,2435,2535
HA,2314,2022-07-28T16:00:00Z,South,5,2436,2536
HA,2314,2022-07-28T16:00:00Z,South,Control,2437,2537
HA,2314,2022-07-28T16:00:00Z,West,1,2451,2551
HA,2314,2022-07-28T16:00:00Z,West,2,2452,2552
HA,2314,2022-07-28T16:00:00Z,West,3,2453,2553
HA,2314,2022-07-28T16:00:00Z,West,4,2454,2554
HA,2314,2022-07-28T16:00:00Z,West,5,2455,2555
HA,2314,2022-07-28T16:00:00Z,West,Control,2456,2556
HB,2080,2022-07-28T13:00:00Z,North,1,2414,2514
HB,2080,2022-07-28T13:00:00Z,North,2,2415,2515
HB,2080,2022-07-28T13:00:00Z,North,3,2416,2516
HB,2080,2022-07-28T13:00:00Z,North,4,2417,2517
HB,2080,2022-07-28T13:00:00Z,North,5,2418,2518
HB,2080,2022-07-28T13:00:00Z,North,Control,2419,2519
HB,2080,2022-07-28T13:00:00Z,East,1,2426,2526
HB,2080,2022-07-28T13:00:00Z,East,2,2427,2527
HB,2080,2022-07-28T13:00:00Z,East,3,2428,2528
HB,2080,2022-07-28T13:00:00Z,East,4,2429,2529
HB,2080,2022-07-28T13:00:00Z,East,Control,2431,2531
HB,2080,2022-07-28T13:00:00Z,South,1,2298,2398
HB,2080,2022-07-28T13:00:00Z,South,2,2299,2399
HB,2080,2022-07-28T13:00:00Z,South,3,2411,2511
HB,2080,2022-07-28T13:00:00Z,South,4,2412,2512
HB,2080,2022-07-28T13:00:00Z,South,Control,2413,2513
HB,2080,2022-07-28T13:00:00Z,West,1,2421,2521
HB,2080,2022-07-28T13:00:00Z,West,2,2422,2522
HB,2080,2022-07-28T13:00:00Z,West,3,2423,2523
HB,2080,2022-07-28T13:00:00Z,West,4,2424,2524
HB,2080,2022-07-28T13:00:00Z,West,Control,2425,2525
HB,2097,2022-07-28T10:34:59Z,North,1,2286,2386
HB,2097,2022-07-28T10:34:59Z,North,2,2287,2387
HB,2097,2022-07-28T10:34:59Z,North,3,2288,2388
HB,2097,2022-07-28T10:34:59Z,North,4,2289,2389
HB,2097,2022-07-28T10:34:59Z,North,5,2291,2391
HB,2097,2022-07-28T10:34:59Z,North,Control,2292,2392
HB,2097,2022-07-28T10:34:59Z,East,1,2293,2393
HB,2097,2022-07-28T10:34:59Z,East,2,2294,2394
HB,2097,2022-07-28T10:34:59Z,East,3,2295,2395
HB,2097,2022-07-28T10:34:59Z,East,4,2296,2396
HB,2097,2022-07-28T10:34:59Z,East,Control,2297,2397
HB,2097,2022-07-28T10:34:59Z,South,1,2274,2374
HB,2097,2022-07-28T10:34:59Z,South,2,2275,2375
HB,2097,2022-07-28T10:34:59Z,South,3,2276,2376
HB,2097,2022-07-28T10:34:59Z,South,4,2277,2377
HB,2097,2022-07-28T10:34:59Z,South,5,2278,2378
HB,2097,2022-07-28T10:34:59Z,South,Control,2279,2379
HB,2097,2022-07-28T10:34:59Z,West,1,2281,2381
HB,2097,2022-07-28T10:34:59Z,West,2,2282,2382
HB,2097,2022-07-28T10:34:59Z,West,3,2283,2383
HB,2097,2022-07-28T10:34:59Z,West,4,2284,2384
HB,2097,2022-07-28T10:34:59Z,West,Control,2285,2385
HC,2828,2022-07-30T16:30:00Z,North,1,2673,2773
HC,2828,2022-07-30T16:30:00Z,North,2,2674,2774
HC,2828,2022-07-30T16:30:00Z,North,3,2675,2775
HC,2828,2022-07-30T16:30:00Z,North,4,2676,2776
HC,2828,2022-07-30T16:30:00Z,North,5,2677,2777
HC,2828,2022-07-30T16:30:00Z,North,Control,2678,2778
HC,2828,2022-07-30T16:30:00Z,East,1,2666,2766
HC,2828,2022-07-30T16:30:00Z,East,2,2667,2767
HC,2828,2022-07-30T16:30:00Z,East,3,2668,2768
HC,2828,2022-07-30T16:30:00Z,East,4,2669,2769
HC,2828,2022-07-30T16:30:00Z,East,5,2671,2771
HC,2828,2022-07-30T16:30:00Z,East,Control,2672,2772
HC,2828,2022-07-30T16:30:00Z,South,1,2661,2761
HC,2828,2022-07-30T16:30:00Z,South,2,2662,2762
HC,2828,2022-07-30T16:30:00Z,South,3,2663,2763
HC,2828,2022-07-30T16:30:00Z,South,4,2664,2764
HC,2828,2022-07-30T16:30:00Z,South,Control,2665,2765
HC,2828,2022-07-30T16:30:00Z,West,1,2679,2779
HC,2828,2022-07-30T16:30:00Z,West,2,2681,2781
HC,2828,2022-07-30T16:30:00Z,West,3,2682,2782
HC,2828,2022-07-30T16:30:00Z,West,4,2683,2783
HC,2828,2022-07-30T16:30:00Z,West,Control,2684,2784
HC,2815,2022-07-29T10:10:00Z,North,1,2648,2748
HC,2815,2022-07-29T10:10:00Z,North,2,2649,2749
HC,2815,2022-07-29T10:10:00Z,North,3,2651,2751
HC,2815,2022-07-29T10:10:00Z,North,4,2652,2752
HC,2815,2022-07-29T10:10:00Z,North,5,2653,2753
HC,2815,2022-07-29T10:10:00Z,North,Control,2654,2754
HC,2815,2022-07-29T10:10:00Z,East,1,2643,2743
HC,2815,2022-07-29T10:10:00Z,East,2,2644,2744
HC,2815,2022-07-29T10:10:00Z,East,3,2645,2745
HC,2815,2022-07-29T10:10:00Z,East,4,2646,2746
HC,2815,2022-07-29T10:10:00Z,East,Control,2647,2747
HC,2815,2022-07-29T10:10:00Z,South,1,2637,2737
HC,2815,2022-07-29T10:10:00Z,South,2,2638,2738
HC,2815,2022-07-29T10:10:00Z,South,3,2639,2739
HC,2815,2022-07-29T10:10:00Z,South,4,2641,2741
HC,2815,2022-07-29T10:10:00Z,South,Control,2642,2742
HC,2815,2022-07-29T10:10:00Z,West,1,2655,2755
HC,2815,2022-07-29T10:10:00Z,West,2,2656,2756
HC,2815,2022-07-29T10:10:00Z,West,3,2657,2757
HC,2815,2022-07-29T10:10:00Z,West,4,2658,2758
HC,2815,2022-07-29T10:10:00Z,West,Control,2659,2759
HC,2792,2022-07-29T09:31:00Z,North,1,2625,2725
HC,2792,2022-07-29T09:31:00Z,North,2,2626,2726
HC,2792,2022-07-29T09:31:00Z,North,3,2627,2727
HC,2792,2022-07-29T09:31:00Z,North,4,2628,2728
HC,2792,2022-07-29T09:31:00Z,North,5,2629,2729
HC,2792,2022-07-29T09:31:00Z,North,Control,2631,2731
HC,2792,2022-07-29T09:31:00Z,East,1,2619,2719
HC,2792,2022-07-29T09:31:00Z,East,2,2621,2721
HC,2792,2022-07-29T09:31:00Z,East,3,2622,2722
HC,2792,2022-07-29T09:31:00Z,East,4,2623,2723
HC,2792,2022-07-29T09:31:00Z,East,Control,2624,2724
HC,2792,2022-07-29T09:31:00Z,South,1,2614,2714
HC,2792,2022-07-29T09:31:00Z,South,2,2615,2715
HC,2792,2022-07-29T09:31:00Z,South,3,2616,2716
HC,2792,2022-07-29T09:31:00Z,South,4,2617,2717
HC,2792,2022-07-29T09:31:00Z,South,Control,2618,2718
HC,2792,2022-07-29T09:31:00Z,West,1,2632,2732
HC,2792,2022-07-29T09:31:00Z,West,2,2633,2733
HC,2792,2022-07-29T09:31:00Z,West,3,2634,2734
HC,2792,2022-07-29T09:31:00Z,West,4,2635,2735
HC,2792,2022-07-29T09:31:00Z,West,Control,2636,2736
HB,2808,2022-07-29T08:50:00Z,North,1,2493,2593
HB,2808,2022-07-29T08:50:00Z,North,2,2494,2594
HB,2808,2022-07-29T08:50:00Z,North,3,2495,2595
HB,2808,2022-07-29T08:50:00Z,North,4,2496,2596
HB,2808,2022-07-29T08:50:00Z,North,Control,2497,2597
HB,2808,2022-07-29T08:50:00Z,East,1,2486,2586
HB,2808,2022-07-29T08:50:00Z,East,2,2487,2587
HB,2808,2022-07-29T08:50:00Z,East,3,2488,2588
HB,2808,2022-07-29T08:50:00Z,East,4,2489,2589
HB,2808,2022-07-29T08:50:00Z,East,5,2491,2591
HB,2808,2022-07-29T08:50:00Z,East,Control,2492,2592
HB,2808,2022-07-29T08:50:00Z,South,1,2481,2581
HB,2808,2022-07-29T08:50:00Z,South,2,2482,2582
HB,2808,2022-07-29T08:50:00Z,South,3,2483,2583
HB,2808,2022-07-29T08:50:00Z,South,4,2484,2584
HB,2808,2022-07-29T08:50:00Z,South,Control,2485,2585
HB,2808,2022-07-29T08:50:00Z,West,1,2498,2598
HB,2808,2022-07-29T08:50:00Z,West,2,2499,2599
HB,2808,2022-07-29T08:50:00Z,West,3,2511,2611
HB,2808,2022-07-29T08:50:00Z,West,4,2512,2612
HB,2808,2022-07-29T08:50:00Z,West,Control,2513,2613
HB,2143,2022-07-28T08:30:00Z,North,1,2211,2311
HB,2143,2022-07-28T08:30:00Z,North,2,2212,2312
HB,2143,2022-07-28T08:30:00Z,North,3,2213,2313
HB,2143,2022-07-28T08:30:00Z,North,4,2214,2314
HB,2143,2022-07-28T08:30:00Z,North,5,2215,2315
HB,2143,2022-07-28T08:30:00Z,North,Control,2216,2316
HB,2143,2022-07-28T08:30:00Z,East,1,2217,2317
HB,2143,2022-07-28T08:30:00Z,East,2,2218,2318
HB,2143,2022-07-28T08:30:00Z,East,3,2219,2319
HB,2143,2022-07-28T08:30:00Z,East,4,2221,2321
HB,2143,2022-07-28T08:30:00Z,East,5,2222,2322
HB,2143,2022-07-28T08:30:00Z,East,Control,2223,2323
HB,2143,2022-07-28T08:30:00Z,South,1,2087,2187
HB,2143,2022-07-28T08:30:00Z,South,2,2088,2188
HB,2143,2022-07-28T08:30:00Z,South,3,2089,2189
HB,2143,2022-07-28T08:30:00Z,South,4,2091,2191
HB,2143,2022-07-28T08:30:00Z,South,5,2092,2192
HB,2143,2022-07-28T08:30:00Z,South,Control,2093,2193
HB,2143,2022-07-28T08:30:00Z,West,1,2094,2194
HB,2143,2022-07-28T08:30:00Z,West,2,2095,2195
HB,2143,2022-07-28T08:30:00Z,West,3,2096,2196
HB,2143,2022-07-28T08:30:00Z,West,4,2097,2197
HB,2143,2022-07-28T08:30:00Z,West,5,2098,2198
HB,2143,2022-07-28T08:30:00Z,West,Control,2099,2199
LE,157,2022-07-27T11:30:00Z,North,1,2075,2175
LE,157,2022-07-27T11:30:00Z,North,2,2076,2176
LE,157,2022-07-27T11:30:00Z,North,3,2077,2177
LE,157,2022-07-27T11:30:00Z,North,4,2078,2178
LE,157,2022-07-27T11:30:00Z,North,Control,2079,2179
LE,157,2022-07-27T11:30:00Z,East,1,2081,2181
LE,157,2022-07-27T11:30:00Z,East,2,2082,2182
LE,157,2022-07-27T11:30:00Z,East,3,2083,2183
LE,157,2022-07-27T11:30:00Z,East,4,2084,2184
LE,157,2022-07-27T11:30:00Z,East,5,2085,2185
LE,157,2022-07-27T11:30:00Z,East,Control,2086,2186
LE,157,2022-07-27T11:30:00Z,South,1,2064,2164
LE,157,2022-07-27T11:30:00Z,South,2,2065,2165
LE,157,2022-07-27T11:30:00Z,South,3,2066,2166
LE,157,2022-07-27T11:30:00Z,South,4,2067,2167
LE,157,2022-07-27T11:30:00Z,South,Control,2068,2168
LE,157,2022-07-27T11:30:00Z,West,1,2069,2169
LE,157,2022-07-27T11:30:00Z,West,2,2071,2171
LE,157,2022-07-27T11:30:00Z,West,3,2072,2172
LE,157,2022-07-27T11:30:00Z,West,4,2073,2173
LE,157,2022-07-27T11:30:00Z,West,Control,2074,2174
HB,2021,2022-07-28T09:52:00Z,North,1,2262,2362
HB,2021,2022-07-28T09:52:00Z,North,2,2263,2363
HB,2021,2022-07-28T09:52:00Z,North,3,2264,2364
HB,2021,2022-07-28T09:52:00Z,North,4,2265,2365
HB,2021,2022-07-28T09:52:00Z,North,Control,2266,2366
HB,2021,2022-07-28T09:52:00Z,East,1,2267,2367
HB,2021,2022-07-28T09:52:00Z,East,2,2268,2368
HB,2021,2022-07-28T09:52:00Z,East,3,2269,2369
HB,2021,2022-07-28T09:52:00Z,East,4,2271,2371
HB,2021,2022-07-28T09:52:00Z,East,5,2272,2372
HB,2021,2022-07-28T09:52:00Z,East,Control,2273,2373
HB,2021,2022-07-28T09:52:00Z,South,1,2249,2349
HB,2021,2022-07-28T09:52:00Z,South,2,2251,2351
HB,2021,2022-07-28T09:52:00Z,South,3,2252,2352
HB,2021,2022-07-28T09:52:00Z,South,4,2253,2353
HB,2021,2022-07-28T09:52:00Z,South,5,2254,2354
HB,2021,2022-07-28T09:52:00Z,South,Control,2255,2355
HB,2021,2022-07-28T09:52:00Z,West,1,2256,2356
HB,2021,2022-07-28T09:52:00Z,West,2,2257,2357
HB,2021,2022-07-28T09:52:00Z,West,3,2258,2358
HB,2021,2022-07-28T09:52:00Z,West,4,2259,2359
HB,2021,2022-07-28T09:52:00Z,West,Control,2261,2361
HB,2127,2022-07-28T09:15:00Z,North,1,2237,2337
HB,2127,2022-07-28T09:15:00Z,North,2,2238,2338
HB,2127,2022-07-28T09:15:00Z,North,3,2239,2339
HB,2127,2022-07-28T09:15:00Z,North,4,2241,2341
HB,2127,2022-07-28T09:15:00Z,North,Control,2242,2342
HB,2127,2022-07-28T09:15:00Z,East,1,2243,2343
HB,2127,2022-07-28T09:15:00Z,East,2,2244,2344
HB,2127,2022-07-28T09:15:00Z,East,3,2245,2345
HB,2127,2022-07-28T09:15:00Z,East,4,2246,2346
HB,2127,2022-07-28T09:15:00Z,East,5,2247,2347
HB,2127,2022-07-28T09:15:00Z,East,Control,2248,2348
HB,2127,2022-07-28T09:15:00Z,South,1,2224,2324
HB,2127,2022-07-28T09:15:00Z,South,2,2225,2325
HB,2127,2022-07-28T09:15:00Z,South,3,2226,2326
HB,2127,2022-07-28T09:15:00Z,South,4,2227,2327
HB,2127,2022-07-28T09:15:00Z,South,5,2228,2328
HB,2127,2022-07-28T09:15:00Z,South,Control,2229,2329
HB,2127,2022-07-28T09:15:00Z,West,1,2231,2331
HB,2127,2022-07-28T09:15:00Z,West,2,2232,2332
HB,2127,2022-07-28T09:15:00Z,West,3,2233,2333
HB,2127,2022-07-28T09:15:00Z,West,4,2234,2334
HB,2127,2022-07-28T09:15:00Z,West,5,2235,2335
HB,2127,2022-07-28T09:15:00Z,West,Control,2236,2336
LE,132,2022-07-27T09:45:00Z,North,1,2059,2159
LE,132,2022-07-27T09:45:00Z,North,2,2061,2161
LE,132,2022-07-27T09:45:00Z,North,3,2062,2162
LE,132,2022-07-27T09:45:00Z,North,Control,2063,2163
LE,132,2022-07-27T09:45:00Z,East,1,2048,2148
LE,132,2022-07-27T09:45:00Z,East,2,2049,2149
LE,132,2022-07-27T09:45:00Z,East,3,2051,2151
LE,132,2022-07-27T09:45:00Z,East,4,2052,2152
LE,132,2022-07-27T09:45:00Z,East,Control,2053,2153
LE,132,2022-07-27T09:45:00Z,South,1,2042,2142
LE,132,2022-07-27T09:45:00Z,South,2,2043,2143
LE,132,2022-07-27T09:45:00Z,South,3,2044,2144
LE,132,2022-07-27T09:45:00Z,South,4,2045,2145
LE,132,2022-07-27T09:45:00Z,South,5,2046,2146
LE,132,2022-07-27T09:45:00Z,South,Control,2047,2147
LE,132,2022-07-27T09:45:00Z,West,1,2054,2154
LE,132,2022-07-27T09:45:00Z,West,2,2055,2155
LE,132,2022-07-27T09:45:00Z,West,3,2056,2156
LE,132,2022-07-27T09:45:00Z,West,4,2057,2157
LE,132,2022-07-27T09:45:00Z,West,Control,2058,2158
LE,141,2022-07-27T09:45:00Z,North,1,2031,2131
LE,141,2022-07-27T09:45:00Z,North,2,2032,2132
LE,141,2022-07-27T09:45:00Z,North,3,2033,2133
LE,141,2022-07-27T09:45:00Z,North,4,2034,2134
LE,141,2022-07-27T09:45:00Z,North,Control,2035,2135
LE,141,2022-07-27T09:45:00Z,East,1,2036,2136
LE,141,2022-07-27T09:45:00Z,East,2,2037,2137
LE,141,2022-07-27T09:45:00Z,East,3,2038,2138
LE,141,2022-07-27T09:45:00Z,East,4,2039,2139
LE,141,2022-07-27T09:45:00Z,East,Control,2041,2141
LE,141,2022-07-27T09:45:00Z,South,1,2017,2117
LE,141,2022-07-27T09:45:00Z,South,2,2018,2118
LE,141,2022-07-27T09:45:00Z,South,3,2019,2119
LE,141,2022-07-27T09:45:00Z,South,4,2021,2121
LE,141,2022-07-27T09:45:00Z,South,5,2022,2122
LE,141,2022-07-27T09:45:00Z,South,Control,2023,2123
LE,141,2022-07-27T09:45:00Z,West,1,2024,2124
LE,141,2022-07-27T09:45:00Z,West,2,2025,2125
LE,141,2022-07-27T09:45:00Z,West,3,2026,2126
LE,141,2022-07-27T09:45:00Z,West,4,2027,2127
LE,141,2022-07-27T09:45:00Z,West,5,2028,2128
LE,141,2022-07-27T09:45:00Z,West,Control,2029,2129
LE,179,2022-07-27T08:30:00Z,North,1,1895,1995
LE,179,2022-07-27T08:30:00Z,North,2,1896,1996
LE,179,2022-07-27T08:30:00Z,North,3,1897,1997
LE,179,2022-07-27T08:30:00Z,North,4,1898,1998
LE,179,2022-07-27T08:30:00Z,North,5,1899,1999
LE,179,2022-07-27T08:30:00Z,North,Control,2011,2111
LE,179,2022-07-27T08:30:00Z,East,1,1888,1988
LE,179,2022-07-27T08:30:00Z,East,2,1889,1989
LE,179,2022-07-27T08:30:00Z,East,3,1891,1991
LE,179,2022-07-27T08:30:00Z,East,4,1892,1992
LE,179,2022-07-27T08:30:00Z,East,5,1893,1993
LE,179,2022-07-27T08:30:00Z,East,Control,1894,1994
LE,179,2022-07-27T08:30:00Z,South,1,1883,1983
LE,179,2022-07-27T08:30:00Z,South,2,1884,1984
LE,179,2022-07-27T08:30:00Z,South,3,1885,1985
LE,179,2022-07-27T08:30:00Z,South,4,1886,1986
LE,179,2022-07-27T08:30:00Z,South,Control,1887,1987
LE,179,2022-07-27T08:30:00Z,West,1,2012,2112
LE,179,2022-07-27T08:30:00Z,West,2,2013,2113
LE,179,2022-07-27T08:30:00Z,West,3,2014,2114
LE,179,2022-07-27T08:30:00Z,West,4,2015,2115
LE,179,2022-07-27T08:30:00Z,West,Control,2016,2116
LE,186,2022-07-27T07:40:00Z,North,1,1872,1972
LE,186,2022-07-27T07:40:00Z,North,2,1873,1973
LE,186,2022-07-27T07:40:00Z,North,3,1874,1974
LE,186,2022-07-27T07:40:00Z,North,4,1875,1975
LE,186,2022-07-27T07:40:00Z,North,Control,1876,1976
LE,186,2022-07-27T07:40:00Z,East,1,1865,1965
LE,186,2022-07-27T07:40:00Z,East,2,1866,1966
LE,186,2022-07-27T07:40:00Z,East,3,1867,1967
LE,186,2022-07-27T07:40:00Z,East,4,1868,1968
LE,186,2022-07-27T07:40:00Z,East,5,1869,1969
LE,186,2022-07-27T07:40:00Z,East,Control,1871,1971
LE,186,2022-07-27T07:40:00Z,South,1,1858,1958
LE,186,2022-07-27T07:40:00Z,South,2,1859,1959
LE,186,2022-07-27T07:40:00Z,South,3,1861,1961
LE,186,2022-07-27T07:40:00Z,South,4,1862,1962
LE,186,2022-07-27T07:40:00Z,South,5,1863,1963
LE,186,2022-07-27T07:40:00Z,South,Control,1864,1964
LE,186,2022-07-27T07:40:00Z,West,1,1877,1977
LE,186,2022-07-27T07:40:00Z,West,2,1878,1978
LE,186,2022-07-27T07:40:00Z,West,3,1879,1979
LE,186,2022-07-27T07:40:00Z,West,4,1881,1981
LE,186,2022-07-27T07:40:00Z,West,Control,1882,1982
LD,225,2022-07-26T14:30:00Z,North,1,1688,1788
LD,225,2022-07-26T14:30:00Z,North,2,1689,1789
LD,225,2022-07-26T14:30:00Z,North,3,1691,1791
LD,225,2022-07-26T14:30:00Z,North,4,1692,1792
LD,225,2022-07-26T14:30:00Z,North,Control,1693,1793
LD,225,2022-07-26T14:30:00Z,East,1,1683,1783
LD,225,2022-07-26T14:30:00Z,East,2,1684,1784
LD,225,2022-07-26T14:30:00Z,East,3,1685,1785
LD,225,2022-07-26T14:30:00Z,East,4,1686,1786
LD,225,2022-07-26T14:30:00Z,East,Control,1687,1787
LD,225,2022-07-26T14:30:00Z,South,1,1694,1794
LD,225,2022-07-26T14:30:00Z,South,2,1695,1795
LD,225,2022-07-26T14:30:00Z,South,3,1696,1796
LD,225,2022-07-26T14:30:00Z,South,4,1697,1797
LD,225,2022-07-26T14:30:00Z,South,5,1698,1798
LD,225,2022-07-26T14:30:00Z,South,Control,1699,1799
LD,225,2022-07-26T14:30:00Z,West,1,1677,1777
LD,225,2022-07-26T14:30:00Z,West,2,1678,1778
LD,225,2022-07-26T14:30:00Z,West,3,1679,1779
LD,225,2022-07-26T14:30:00Z,West,4,1681,1781
LD,225,2022-07-26T14:30:00Z,West,Control,1682,1782
LD,197,2022-07-26T14:30:00Z,North,1,1659,1759
LD,197,2022-07-26T14:30:00Z,North,2,1661,1761
LD,197,2022-07-26T14:30:00Z,North,3,1662,1762
LD,197,2022-07-26T14:30:00Z,North,4,1663,1763
LD,197,2022-07-26T14:30:00Z,North,5,1664,1764
LD,197,2022-07-26T14:30:00Z,North,Control,1665,1765
LD,197,2022-07-26T14:30:00Z,East,1,1654,1754
LD,197,2022-07-26T14:30:00Z,East,2,1655,1755
LD,197,2022-07-26T14:30:00Z,East,3,1656,1756
LD,197,2022-07-26T14:30:00Z,East,4,1657,1757
LD,197,2022-07-26T14:30:00Z,East,Control,1658,1758
LD,197,2022-07-26T14:30:00Z,South,1,1666,1766
LD,197,2022-07-26T14:30:00Z,South,2,1667,1767
LD,197,2022-07-26T14:30:00Z,South,3,1668,1768
LD,197,2022-07-26T14:30:00Z,South,4,1669,1769
LD,197,2022-07-26T14:30:00Z,South,Control,1671,1771
LD,197,2022-07-26T14:30:00Z,West,1,1672,1772
LD,197,2022-07-26T14:30:00Z,West,2,1673,1773
LD,197,2022-07-26T14:30:00Z,West,3,1674,1774
LD,197,2022-07-26T14:30:00Z,West,4,1675,1775
LD,197,2022-07-26T14:30:00Z,West,Control,1676,1776
LD,202,2022-07-26T18:40:00Z,North,1,1846,1946
LD,202,2022-07-26T18:40:00Z,North,2,1847,1947
LD,202,2022-07-26T18:40:00Z,North,3,1848,1948
LD,202,2022-07-26T18:40:00Z,North,4,1849,1949
LD,202,2022-07-26T18:40:00Z,North,Control,1851,1951
LD,202,2022-07-26T18:40:00Z,East,1,1852,1952
LD,202,2022-07-26T18:40:00Z,East,2,1853,1953
LD,202,2022-07-26T18:40:00Z,East,3,1854,1954
LD,202,2022-07-26T18:40:00Z,East,4,1855,1955
LD,202,2022-07-26T18:40:00Z,East,5,1856,1956
LD,202,2022-07-26T18:40:00Z,East,Control,1857,1957
LD,202,2022-07-26T18:40:00Z,South,1,1835,1935
LD,202,2022-07-26T18:40:00Z,South,2,1836,1936
LD,202,2022-07-26T18:40:00Z,South,3,1837,1937
LD,202,2022-07-26T18:40:00Z,South,4,1838,1938
LD,202,2022-07-26T18:40:00Z,South,Control,1839,1939
LD,202,2022-07-26T18:40:00Z,West,1,1841,1941
LD,202,2022-07-26T18:40:00Z,West,2,1842,1942
LD,202,2022-07-26T18:40:00Z,West,3,1843,1943
LD,202,2022-07-26T18:40:00Z,West,4,1844,1944
LD,202,2022-07-26T18:40:00Z,West,Control,1845,1945
LD,S2,2022-07-26T18:00:00Z,North,1,1817,1917
LD,S2,2022-07-26T18:00:00Z,North,2,1818,1918
LD,S2,2022-07-26T18:00:00Z,North,3,1819,1919
LD,S2,2022-07-26T18:00:00Z,North,4,1821,1921
LD,S2,2022-07-26T18:00:00Z,North,Control,1822,1922
LD,S2,2022-07-26T18:00:00Z,East,1,1811,1911
LD,S2,2022-07-26T18:00:00Z,East,2,1812,1912
LD,S2,2022-07-26T18:00:00Z,East,3,1813,1913
LD,S2,2022-07-26T18:00:00Z,East,4,1814,1914
LD,S2,2022-07-26T18:00:00Z,East,5,1815,1915
LD,S2,2022-07-26T18:00:00Z,East,Control,1816,1916
LD,S2,2022-07-26T18:00:00Z,South,1,1823,1923
LD,S2,2022-07-26T18:00:00Z,South,2,1824,1924
LD,S2,2022-07-26T18:00:00Z,South,3,1825,1925
LD,S2,2022-07-26T18:00:00Z,South,4,1826,1926
LD,S2,2022-07-26T18:00:00Z,South,Control,1827,1927
LD,S2,2022-07-26T18:00:00Z,West,1,1828,1928
LD,S2,2022-07-26T18:00:00Z,West,2,1829,1929
LD,S2,2022-07-26T18:00:00Z,West,3,1831,1931
LD,S2,2022-07-26T18:00:00Z,West,4,1832,1932
LD,S2,2022-07-26T18:00:00Z,West,5,1833,1933
LD,S2,2022-07-26T18:00:00Z,West,Control,1834,1934
LC,106,2022-07-26T10:15:00Z,North,1,1619,1719
LC,106,2022-07-26T10:15:00Z,North,2,1620,1720
LC,106,2022-07-26T10:15:00Z,North,3,1621,1721
LC,106,2022-07-26T10:15:00Z,North,4,1622,1722
LC,106,2022-07-26T10:15:00Z,North,Control,1623,1723
LC,106,2022-07-26T10:15:00Z,East,1,1614,1714
LC,106,2022-07-26T10:15:00Z,East,2,1615,1715
LC,106,2022-07-26T10:15:00Z,East,3,1616,1716
LC,106,2022-07-26T10:15:00Z,East,4,1617,1717
LC,106,2022-07-26T10:15:00Z,East,Control,1618,1718
LC,106,2022-07-26T10:15:00Z,South,1,1498,1598
LC,106,2022-07-26T10:15:00Z,South,2,1499,1599
LC,106,2022-07-26T10:15:00Z,South,3,1611,1711
LC,106,2022-07-26T10:15:00Z,South,4,1612,1712
LC,106,2022-07-26T10:15:00Z,South,Control,1613,1713
LC,106,2022-07-26T10:15:00Z,West,1,1624,1724
LC,106,2022-07-26T10:15:00Z,West,2,1625,1725
LC,106,2022-07-26T10:15:00Z,West,3,1626,1726
LC,106,2022-07-26T10:15:00Z,West,4,1627,1727
LC,106,2022-07-26T10:15:00Z,West,Control,1628,1728
LC,108,2022-07-26T09:17:00Z,North,1,1493,1593
LC,108,2022-07-26T09:17:00Z,North,2,1494,1594
LC,108,2022-07-26T09:17:00Z,North,3,1495,1595
LC,108,2022-07-26T09:17:00Z,North,4,1496,1596
LC,108,2022-07-26T09:17:00Z,North,Control,1497,1597
LC,108,2022-07-26T09:17:00Z,East,1,1486,1586
LC,108,2022-07-26T09:17:00Z,East,2,1487,1587
LC,108,2022-07-26T09:17:00Z,East,3,1488,1588
LC,108,2022-07-26T09:17:00Z,East,4,1489,1589
LC,108,2022-07-26T09:17:00Z,East,5,1491,1591
LC,108,2022-07-26T09:17:00Z,East,Control,1492,1592
LC,108,2022-07-26T09:17:00Z,South,1,1474,1574
LC,108,2022-07-26T09:17:00Z,South,2,1475,1575
LC,108,2022-07-26T09:17:00Z,South,3,1476,1576
LC,108,2022-07-26T09:17:00Z,South,4,1477,1577
LC,108,2022-07-26T09:17:00Z,South,Control,1478,1578
LC,108,2022-07-26T09:17:00Z,West,1,1479,1579
LC,108,2022-07-26T09:17:00Z,West,2,1481,1581
LC,108,2022-07-26T09:17:00Z,West,3,1482,1582
LC,108,2022-07-26T09:17:00Z,West,4,1483,1583
LC,108,2022-07-26T09:17:00Z,West,5,1484,1584
LC,108,2022-07-26T09:17:00Z,West,Control,1485,1585
LD,248,2022-07-26T13:00:00Z,North,1,1647,1747
LD,248,2022-07-26T13:00:00Z,North,2,1648,1748
LD,248,2022-07-26T13:00:00Z,North,3,1649,1749
LD,248,2022-07-26T13:00:00Z,North,4,1651,1751
LD,248,2022-07-26T13:00:00Z,North,5,1652,1752
LD,248,2022-07-26T13:00:00Z,North,Control,1653,1753
LD,248,2022-07-26T13:00:00Z,East,1,1642,1742
LD,248,2022-07-26T13:00:00Z,East,2,1643,1743
LD,248,2022-07-26T13:00:00Z,East,3,1644,1744
LD,248,2022-07-26T13:00:00Z,East,4,1645,1745
LD,248,2022-07-26T13:00:00Z,East,Control,1646,1746
LD,248,2022-07-26T13:00:00Z,South,1,1631,1731
LD,248,2022-07-26T13:00:00Z,South,2,1632,1732
LD,248,2022-07-26T13:00:00Z,South,3,1633,1733
LD,248,2022-07-26T13:00:00Z,South,4,1634,1734
LD,248,2022-07-26T13:00:00Z,South,Control,1635,1735
LD,248,2022-07-26T13:00:00Z,West,1,1636,1736
LD,248,2022-07-26T13:00:00Z,West,2,1637,1737
LD,248,2022-07-26T13:00:00Z,West,3,1638,1738
LD,248,2022-07-26T13:00:00Z,West,4,1639,1739
LD,248,2022-07-26T13:00:00Z,West,Control,1641,1741
LC,114,2022-07-25T17:30:00Z,North,1,1413,1513
LC,114,2022-07-25T17:30:00Z,North,2,1414,1514
LC,114,2022-07-25T17:30:00Z,North,3,1415,1515
LC,114,2022-07-25T17:30:00Z,North,4,1416,1516
LC,114,2022-07-25T17:30:00Z,North,Control,1417,1517
LC,114,2022-07-25T17:30:00Z,East,1,1293,1393
LC,114,2022-07-25T17:30:00Z,East,2,1294,1394
LC,114,2022-07-25T17:30:00Z,East,3,1295,1395
LC,114,2022-07-25T17:30:00Z,East,4,1296,1396
LC,114,2022-07-25T17:30:00Z,East,Control,1297,1397
LC,114,2022-07-25T17:30:00Z,South,1,1418,1518
LC,114,2022-07-25T17:30:00Z,South,2,1419,1519
LC,114,2022-07-25T17:30:00Z,South,3,1421,1521
LC,114,2022-07-25T17:30:00Z,South,4,1422,1522
LC,114,2022-07-25T17:30:00Z,South,Control,1423,1523
LC,114,2022-07-25T17:30:00Z,West,1,1298,1398
LC,114,2022-07-25T17:30:00Z,West,2,1299,1399
LC,114,2022-07-25T17:30:00Z,West,3,1411,1511
LC,114,2022-07-25T17:30:00Z,West,Control,1412,1512
LG,GRLG3,2022-07-25T14:19:59Z,North,1,1286,1386
LG,GRLG3,2022-07-25T14:19:59Z,North,2,1287,1387
LG,GRLG3,2022-07-25T14:19:59Z,North,3,1288,1388
LG,GRLG3,2022-07-25T14:19:59Z,North,4,1289,1389
LG,GRLG3,2022-07-25T14:19:59Z,North,5,1291,1391
LG,GRLG3,2022-07-25T14:19:59Z,North,Control,1292,1392
LG,GRLG3,2022-07-25T14:19:59Z,East,1,1276,1376
LG,GRLG3,2022-07-25T14:19:59Z,East,2,1277,1377
LG,GRLG3,2022-07-25T14:19:59Z,East,3,1278,1378
LG,GRLG3,2022-07-25T14:19:59Z,East,Control,1279,1379
LG,GRLG3,2022-07-25T14:19:59Z,South,1,1269,1369
LG,GRLG3,2022-07-25T14:19:59Z,South,2,1271,1371
LG,GRLG3,2022-07-25T14:19:59Z,South,3,1272,1372
LG,GRLG3,2022-07-25T14:19:59Z,South,4,1273,1373
LG,GRLG3,2022-07-25T14:19:59Z,South,5,1274,1374
LG,GRLG3,2022-07-25T14:19:59Z,South,Control,1275,1375
LG,GRLG3,2022-07-25T14:19:59Z,West,1,1281,1381
LG,GRLG3,2022-07-25T14:19:59Z,West,2,1282,1382
LG,GRLG3,2022-07-25T14:19:59Z,West,3,1283,1383
LG,GRLG3,2022-07-25T14:19:59Z,West,4,1284,1384
LG,GRLG3,2022-07-25T14:19:59Z,West,Control,1285,1385
LC,GRLC2,2022-07-26T08:30:00Z,North,1,1468,1568
LC,GRLC2,2022-07-26T08:30:00Z,North,2,1469,1569
LC,GRLC2,2022-07-26T08:30:00Z,North,3,1471,1571
LC,GRLC2,2022-07-26T08:30:00Z,North,4,1472,1572
LC,GRLC2,2022-07-26T08:30:00Z,North,Control,1473,1573
LC,GRLC2,2022-07-26T08:30:00Z,East,1,1455,1555
LC,GRLC2,2022-07-26T08:30:00Z,East,2,1456,1556
LC,GRLC2,2022-07-26T08:30:00Z,East,3,1457,1557
LC,GRLC2,2022-07-26T08:30:00Z,East,4,1458,1558
LC,GRLC2,2022-07-26T08:30:00Z,East,5,1459,1559
LC,GRLC2,2022-07-26T08:30:00Z,East,Control,1461,1561
LC,GRLC2,2022-07-26T08:30:00Z,South,1,1448,1548
LC,GRLC2,2022-07-26T08:30:00Z,South,2,1449,1549
LC,GRLC2,2022-07-26T08:30:00Z,South,3,1451,1551
LC,GRLC2,2022-07-26T08:30:00Z,South,4,1452,1552
LC,GRLC2,2022-07-26T08:30:00Z,South,5,1453,1553
LC,GRLC2,2022-07-26T08:30:00Z,South,Control,1454,1554
LC,GRLC2,2022-07-26T08:30:00Z,West,1,1462,1562
LC,GRLC2,2022-07-26T08:30:00Z,West,2,1463,1563
LC,GRLC2,2022-07-26T08:30:00Z,West,3,1464,1564
LC,GRLC2,2022-07-26T08:30:00Z,West,4,1465,1565
LC,GRLC2,2022-07-26T08:30:00Z,West,5,1466,1566
LC,GRLC2,2022-07-26T08:30:00Z,West,Control,1467,1567
LC,GRLC1,2022-07-26T07:30:00Z,North,1,1443,1543
LC,GRLC1,2022-07-26T07:30:00Z,North,2,1444,1544
LC,GRLC1,2022-07-26T07:30:00Z,North,3,1445,1545
LC,GRLC1,2022-07-26T07:30:00Z,North,4,1446,1546
LC,GRLC1,2022-07-26T07:30:00Z,North,Control,1447,1547
LC,GRLC1,2022-07-26T07:30:00Z,East,1,1437,1537
LC,GRLC1,2022-07-26T07:30:00Z,East,2,1438,1538
LC,GRLC1,2022-07-26T07:30:00Z,East,3,1439,1539
LC,GRLC1,2022-07-26T07:30:00Z,East,4,1441,1541
LC,GRLC1,2022-07-26T07:30:00Z,East,Control,1442,1542
LC,GRLC1,2022-07-26T07:30:00Z,South,1,1424,1524
LC,GRLC1,2022-07-26T07:30:00Z,South,2,1425,1525
LC,GRLC1,2022-07-26T07:30:00Z,South,3,1426,1526
LC,GRLC1,2022-07-26T07:30:00Z,South,4,1427,1527
LC,GRLC1,2022-07-26T07:30:00Z,South,5,1428,1528
LC,GRLC1,2022-07-26T07:30:00Z,South,Control,1429,1529
LC,GRLC1,2022-07-26T07:30:00Z,West,1,1431,1531
LC,GRLC1,2022-07-26T07:30:00Z,West,2,1432,1532
LC,GRLC1,2022-07-26T07:30:00Z,West,3,1433,1533
LC,GRLC1,2022-07-26T07:30:00Z,West,4,1434,1534
LC,GRLC1,2022-07-26T07:30:00Z,West,5,1435,1535
LC,GRLC1,2022-07-26T07:30:00Z,West,Control,1436,1536
LB,14G,2022-07-24T14:00:00Z,North,1,1054,1154
LB,14G,2022-07-24T14:00:00Z,North,2,1055,1155
LB,14G,2022-07-24T14:00:00Z,North,3,1056,1156
LB,14G,2022-07-24T14:00:00Z,North,4,1057,1157
LB,14G,2022-07-24T14:00:00Z,North,Control,1058,1158
LB,14G,2022-07-24T14:00:00Z,East,1,1048,1148
LB,14G,2022-07-24T14:00:00Z,East,2,1049,1149
LB,14G,2022-07-24T14:00:00Z,East,3,1051,1151
LB,14G,2022-07-24T14:00:00Z,East,4,1052,1152
LB,14G,2022-07-24T14:00:00Z,East,Control,1053,1153
LB,14G,2022-07-24T14:00:00Z,South,1,1035,1135
LB,14G,2022-07-24T14:00:00Z,South,2,1036,1136
LB,14G,2022-07-24T14:00:00Z,South,3,1037,1137
LB,14G,2022-07-24T14:00:00Z,South,4,1038,1138
LB,14G,2022-07-24T14:00:00Z,South,5,1039,1139
LB,14G,2022-07-24T14:00:00Z,South,Control,1041,1141
LB,14G,2022-07-24T14:00:00Z,West,1,1042,1142
LB,14G,2022-07-24T14:00:00Z,West,2,1043,1143
LB,14G,2022-07-24T14:00:00Z,West,3,1044,1144
LB,14G,2022-07-24T14:00:00Z,West,4,1045,1145
LB,14G,2022-07-24T14:00:00Z,West,5,1046,1146
LB,14G,2022-07-24T14:00:00Z,West,Control,1047,1147
LB,8D,2022-07-24T13:00:00Z,North,1,1023,1123
LB,8D,2022-07-24T13:00:00Z,North,2,1024,1124
LB,8D,2022-07-24T13:00:00Z,North,3,1025,1125
LB,8D,2022-07-24T13:00:00Z,North,4,1026,1126
LB,8D,2022-07-24T13:00:00Z,North,5,1027,1127
LB,8D,2022-07-24T13:00:00Z,North,Control,1028,1128
LB,8D,2022-07-24T13:00:00Z,East,1,1016,1116
LB,8D,2022-07-24T13:00:00Z,East,2,1017,1117
LB,8D,2022-07-24T13:00:00Z,East,3,1018,1118
LB,8D,2022-07-24T13:00:00Z,East,4,1019,1119
LB,8D,2022-07-24T13:00:00Z,East,5,1020,1120
LB,8D,2022-07-24T13:00:00Z,East,Control,1021,1121
LB,8D,2022-07-24T13:00:00Z,South,1,1011,1111
LB,8D,2022-07-24T13:00:00Z,South,2,1012,1112
LB,8D,2022-07-24T13:00:00Z,South,3,1013,1113
LB,8D,2022-07-24T13:00:00Z,South,4,1014,1114
LB,8D,2022-07-24T13:00:00Z,South,Control,1015,1115
LB,8D,2022-07-24T13:00:00Z,West,1,1029,1129
LB,8D,2022-07-24T13:00:00Z,West,2,1031,1131
LB,8D,2022-07-24T13:00:00Z,West,3,1032,1132
LB,8D,2022-07-24T13:00:00Z,West,4,1033,1133
LB,8D,2022-07-24T13:00:00Z,West,Control,1034,1134
LG,GRLG2,2022-07-25T11:47:00Z,North,1,1264,1364
LG,GRLG2,2022-07-25T11:47:00Z,North,2,1265,1365
LG,GRLG2,2022-07-25T11:47:00Z,North,3,1266,1366
LG,GRLG2,2022-07-25T11:47:00Z,North,4,1267,1367
LG,GRLG2,2022-07-25T11:47:00Z,North,Control,1268,1368
LG,GRLG2,2022-07-25T11:47:00Z,East,1,1257,1357
LG,GRLG2,2022-07-25T11:47:00Z,East,2,1258,1358
LG,GRLG2,2022-07-25T11:47:00Z,East,3,1259,1359
LG,GRLG2,2022-07-25T11:47:00Z,East,4,1261,1361
LG,GRLG2,2022-07-25T11:47:00Z,East,5,1262,1362
LG,GRLG2,2022-07-25T11:47:00Z,East,Control,1263,1363
LG,GRLG2,2022-07-25T11:47:00Z,South,1,1245,1345
LG,GRLG2,2022-07-25T11:47:00Z,South,2,1246,1346
LG,GRLG2,2022-07-25T11:47:00Z,South,3,1247,1347
LG,GRLG2,2022-07-25T11:47:00Z,South,4,1248,1348
LG,GRLG2,2022-07-25T11:47:00Z,South,5,1249,1349
LG,GRLG2,2022-07-25T11:47:00Z,South,Control,1251,1351
LG,GRLG2,2022-07-25T11:47:00Z,West,1,1252,1352
LG,GRLG2,2022-07-25T11:47:00Z,West,2,1253,1353
LG,GRLG2,2022-07-25T11:47:00Z,West,3,1254,1354
LG,GRLG2,2022-07-25T11:47:00Z,West,4,1255,1355
LG,GRLG2,2022-07-25T11:47:00Z,West,Control,1256,1356
LG,GRLG1,2022-07-25T10:40:00Z,North,1,1232,1332
LG,GRLG1,2022-07-25T10:40:00Z,North,2,1233,1333
LG,GRLG1,2022-07-25T10:40:00Z,North,3,1234,1334
LG,GRLG1,2022-07-25T10:40:00Z,North,4,1235,1335
LG,GRLG1,2022-07-25T10:40:00Z,North,5,1236,1336
LG,GRLG1,2022-07-25T10:40:00Z,North,Control,1237,1337
LG,GRLG1,2022-07-25T10:40:00Z,East,1,1238,1338
LG,GRLG1,2022-07-25T10:40:00Z,East,2,1239,1339
LG,GRLG1,2022-07-25T10:40:00Z,East,3,1241,1341
LG,GRLG1,2022-07-25T10:40:00Z,East,4,1242,1342
LG,GRLG1,2022-07-25T10:40:00Z,East,5,1243,1343
LG,GRLG1,2022-07-25T10:40:00Z,East,Control,1244,1344
LG,GRLG1,2022-07-25T10:40:00Z,South,1,1218,1318
LG,GRLG1,2022-07-25T10:40:00Z,South,2,1219,1319
LG,GRLG1,2022-07-25T10:40:00Z,South,3,1221,1321
LG,GRLG1,2022-07-25T10:40:00Z,South,4,1222,1322
LG,GRLG1,2022-07-25T10:40:00Z,South,5,1223,1323
LG,GRLG1,2022-07-25T10:40:00Z,South,Control,1224,1324
LG,GRLG1,2022-07-25T10:40:00Z,West,1,1225,1325
LG,GRLG1,2022-07-25T10:40:00Z,West,2,1226,1326
LG,GRLG1,2022-07-25T10:40:00Z,West,3,1227,1327
LG,GRLG1,2022-07-25T10:40:00Z,West,4,1228,1328
LG,GRLG1,2022-07-25T10:40:00Z,West,5,1229,1329
LG,GRLG1,2022-07-25T10:40:00Z,West,Control,1231,1331
LG,448,2022-07-25T09:30:00Z,North,1,1095,1195
LG,448,2022-07-25T09:30:00Z,North,2,1096,1196
LG,448,2022-07-25T09:30:00Z,North,3,1097,1197
LG,448,2022-07-25T09:30:00Z,North,4,1098,1198
LG,448,2022-07-25T09:30:00Z,North,5,1099,1199
LG,448,2022-07-25T09:30:00Z,North,Control,1211,1311
LG,448,2022-07-25T09:30:00Z,East,1,1088,1188
LG,448,2022-07-25T09:30:00Z,East,2,1089,1189
LG,448,2022-07-25T09:30:00Z,East,3,1091,1191
LG,448,2022-07-25T09:30:00Z,East,4,1092,1192
LG,448,2022-07-25T09:30:00Z,East,5,1093,1193
LG,448,2022-07-25T09:30:00Z,East,Control,1094,1194
LG,448,2022-07-25T09:30:00Z,South,1,1083,1183
LG,448,2022-07-25T09:30:00Z,South,2,1084,1184
LG,448,2022-07-25T09:30:00Z,South,3,1085,1185
LG,448,2022-07-25T09:30:00Z,South,4,1086,1186
LG,448,2022-07-25T09:30:00Z,South,Control,1087,1187
LG,448,2022-07-25T09:30:00Z,West,1,1212,1312
LG,448,2022-07-25T09:30:00Z,West,2,1213,1313
LG,448,2022-07-25T09:30:00Z,West,3,1214,1314
LG,448,2022-07-25T09:30:00Z,West,4,1215,1315
LG,448,2022-07-25T09:30:00Z,West,5,1216,1316
LG,448,2022-07-25T09:30:00Z,West,Control,1217,1317
LG,448,2022-07-25T08:15:00Z,North,1,1072,1172
LG,448,2022-07-25T08:15:00Z,North,2,1073,1173
LG,448,2022-07-25T08:15:00Z,North,3,1074,1174
LG,448,2022-07-25T08:15:00Z,North,4,1075,1175
LG,448,2022-07-25T08:15:00Z,North,5,1076,1176
LG,448,2022-07-25T08:15:00Z,North,Control,1077,1177
LG,448,2022-07-25T08:15:00Z,East,1,1071,1171
LG,448,2022-07-25T08:15:00Z,East,2,1065,1165
LG,448,2022-07-25T08:15:00Z,East,3,1066,1166
LG,448,2022-07-25T08:15:00Z,East,4,1067,1167
LG,448,2022-07-25T08:15:00Z,East,5,1068,1168
LG,448,2022-07-25T08:15:00Z,East,Control,1069,1169
LG,448,2022-07-25T08:15:00Z,South,1,1059,1159
LG,448,2022-07-25T08:15:00Z,South,2,1061,1161
LG,448,2022-07-25T08:15:00Z,South,3,1062,1162
LG,448,2022-07-25T08:15:00Z,South,4,1063,1163
LG,448,2022-07-25T08:15:00Z,South,Control,1064,1164
LG,448,2022-07-25T08:15:00Z,West,1,1078,1178
LG,448,2022-07-25T08:15:00Z,West,2,1079,1179
LG,448,2022-07-25T08:15:00Z,West,3,1081,1181
LG,448,2022-07-25T08:15:00Z,West,Control,1082,1182