date,precip
6/1/10,0
6/2/10,0
6/3/10,0
6/4/10,0
6/5/10,0
6/6/10,0
6/7/10,0
6/8/10,0
6/9/10,0
6/10/10,0
6/11/10,0
6/12/10,0.21
6/13/10,0
6/14/10,0
6/15/10,0
6/16/10,0
6/17/10,0
6/18/10,0
6/19/10,0
6/20/10,0
6/21/10,0
6/22/10,0
6/23/10,0
6/24/10,0
6/25/10,0
6/26/10,0
6/27/10,0
6/28/10,0
6/29/10,0
6/30/10,0
7/1/10,0
7/2/10,0.01
7/3/10,0.06
7/4/10,0
7/5/10,0
7/6/10,0
7/7/10,0
7/8/10,T
7/9/10,T
7/10/10,0
7/11/10,0
7/12/10,0
7/13/10,0
7/14/10,0
7/15/10,0
7/16/10,0
7/17/10,0
7/18/10,0
7/19/10,0
7/20/10,0.07
7/21/10,0.1
7/22/10,0.17
7/23/10,0
7/24/10,0.05
7/25/10,0.14
7/26/10,0.12
7/27/10,0
7/28/10,T
7/29/10,0.36
7/30/10,0.32
7/31/10,0.02
8/1/10,0.01
8/2/10,0.32
8/3/10,0.02
8/4/10,0
8/5/10,0.06
8/6/10,0
8/7/10,0.07
8/8/10,0.13
8/9/10,0
8/10/10,0
8/11/10,0.07
8/12/10,0.16
8/13/10,0
8/14/10,0
8/15/10,0
8/16/10,0.03
8/17/10,0.1
8/18/10,0.06
8/19/10,0.52
8/20/10,0.18
8/21/10,0
8/22/10,0
8/23/10,0.41
8/24/10,T
8/25/10,0
8/26/10,0
8/27/10,0
8/28/10,0.02
8/29/10,0.06
8/30/10,0.28
8/31/10,0
9/1/10,0
9/2/10,0
9/3/10,0
9/4/10,0
9/5/10,0
9/6/10,0
9/7/10,0
9/8/10,0.26
9/9/10,0
9/10/10,0
9/11/10,0
9/12/10,0
9/13/10,0
9/14/10,0
9/15/10,0
9/16/10,0
9/17/10,0
9/18/10,0
9/19/10,0
9/20/10,0.1
9/21/10,0
9/22/10,0.53
9/23/10,0.52
9/24/10,0
9/25/10,0
9/26/10,0
9/27/10,0
9/28/10,0
9/29/10,0
9/30/10,0
10/1/10,0
10/2/10,0
10/3/10,0
10/4/10,0.05
10/5/10,0.07
10/6/10,0.33
10/7/10,0.09
10/8/10,0.03
10/9/10,0
10/10/10,0
10/11/10,0
10/12/10,0
10/13/10,0
10/14/10,0
10/15/10,0
10/16/10,0
10/17/10,0
10/18/10,0.02
10/19/10,0
10/20/10,0
10/21/10,0.4
10/22/10,0.17
10/23/10,0.31
10/24/10,0.06
10/25/10,0.22
10/26/10,0
10/27/10,0
10/28/10,0
10/29/10,0
10/30/10,0
10/31/10,0
11/1/10,0
11/2/10,0
11/3/10,0
11/4/10,0
11/5/10,0
11/6/10,0
11/7/10,0
11/8/10,0
11/9/10,0.14
11/10/10,0
11/11/10,0.06
11/12/10,0
11/13/10,0
11/14/10,0
11/15/10,0.14
11/16/10,0
11/17/10,0
11/18/10,0
11/19/10,0
11/20/10,0
11/21/10,0.3
11/22/10,0.15
11/23/10,0
11/24/10,0.04
11/25/10,0
11/26/10,0
11/27/10,0
11/28/10,0.19
11/29/10,0.14
11/30/10,0
12/1/10,0
12/2/10,0
12/3/10,0
12/4/10,0
12/5/10,0
12/6/10,0.01
12/7/10,0
12/8/10,0
12/9/10,0
12/10/10,0.01
12/11/10,0
12/12/10,0
12/13/10,0
12/14/10,0
12/15/10,0
12/16/10,0.16
12/17/10,T
12/18/10,0.55
12/19/10,0.11
12/20/10,T
12/21/10,0.07
12/22/10,0.19
12/23/10,0.27
12/24/10,0
12/25/10,0
12/26/10,0.03
12/27/10,0
12/28/10,0
12/29/10,0.29
12/30/10,0.52
12/31/10,0.16
1/1/11,M
1/2/11,M
1/3/11,M
1/4/11,M
1/5/11,M
1/6/11,M
1/7/11,M
1/8/11,M
1/9/11,M
1/10/11,M
1/11/11,M
1/12/11,M
1/13/11,M
1/14/11,M
1/15/11,M
1/16/11,M
1/17/11,M
1/18/11,M
1/19/11,T
1/20/11,M
1/21/11,M
1/22/11,M
1/23/11,M
1/24/11,M
1/25/11,M
1/26/11,M
1/27/11,M
1/28/11,M
1/29/11,M
1/30/11,M
1/31/11,0.04
2/1/11,M
2/2/11,0.02
2/3/11,M
2/4/11,M
2/5/11,M
2/6/11,M
2/7/11,M
2/8/11,0.28
2/9/11,M
2/10/11,M
2/11/11,M
2/12/11,M
2/13/11,M
2/14/11,M
2/15/11,M
2/16/11,M
2/17/11,M
2/18/11,M
2/19/11,0.06
2/20/11,0.22
2/21/11,0.03
2/22/11,M
2/23/11,M
2/24/11,T
2/25/11,M
2/26/11,M
2/27/11,T
2/28/11,M
3/1/11,M
3/2/11,M
3/3/11,M
3/4/11,M
3/5/11,M
3/6/11,M
3/7/11,0.4
3/8/11,M
3/9/11,M
3/10/11,M
3/11/11,M
3/12/11,M
3/13/11,M
3/14/11,M
3/15/11,M
3/16/11,M
3/17/11,M
3/18/11,M
3/19/11,M
3/20/11,M
3/21/11,M
3/22/11,0.02
3/23/11,M
3/24/11,T
3/25/11,M
3/26/11,M
3/27/11,0.11
3/28/11,M
3/29/11,M
3/30/11,M
3/31/11,M
4/1/11,M
4/2/11,M
4/3/11,T
4/4/11,M
4/5/11,M
4/6/11,M
4/7/11,0.17
4/8/11,T
4/9/11,0.05
4/10/11,0.03
4/11/11,M
4/12/11,M
4/13/11,M
4/14/11,T
4/15/11,M
4/16/11,M
4/17/11,M
4/18/11,M
4/19/11,0.14
4/20/11,M
4/21/11,M
4/22/11,M
4/23/11,T
4/24/11,0.46
4/25/11,0.33
4/26/11,0.02
4/27/11,M
4/28/11,M
4/29/11,M
4/30/11,M
5/1/11,0.01
5/2/11,M
5/3/11,M
5/4/11,M
5/5/11,M
5/6/11,M
5/7/11,M
5/8/11,M
5/9/11,0.06
5/10/11,M
5/11/11,0.18
5/12/11,M
5/13/11,M
5/14/11,M
5/15/11,M
5/16/11,M
5/17/11,M
5/18/11,0.44
5/19/11,0.36
5/20/11,0.31
5/21/11,M
5/22/11,0.05
5/23/11,M
5/24/11,0.04
5/25/11,M
5/26/11,M
5/27/11,M
5/28/11,M
5/29/11,M
5/30/11,M
5/31/11,M
6/1/11,M
6/2/11,M
6/3/11,M
6/4/11,M
6/5/11,M
6/6/11,M
6/7/11,M
6/8/11,M
6/9/11,M
6/10/11,M
6/11/11,M
6/12/11,M
6/13/11,M
6/14/11,M
6/15/11,M
6/16/11,M
6/17/11,M
6/18/11,M
6/19/11,M
6/20/11,0.03
6/21/11,M
6/22/11,M
6/23/11,M
6/24/11,M
6/25/11,M
6/26/11,M
6/27/11,M
6/28/11,M
6/29/11,M
6/30/11,M
7/1/11,M
7/2/11,M
7/3/11,0.02
7/4/11,M
7/5/11,0.01
7/6/11,0.02
7/7/11,M
7/8/11,M
7/9/11,0.05
7/10/11,0.05
7/11/11,0.03
7/12/11,0.83
7/13/11,M
7/14/11,M
7/15/11,M
7/16/11,M
7/17/11,M
7/18/11,0.29
7/19/11,M
7/20/11,M
7/21/11,M
7/22/11,M
7/23/11,M
7/24/11,M
7/25/11,M
7/26/11,0.02
7/27/11,M
7/28/11,M
7/29/11,M
7/30/11,0.11
7/31/11,0.01
8/1/11,0.06
8/2/11,0.49
8/3/11,M
8/4/11,M
8/5/11,M
8/6/11,M
8/7/11,M
8/8/11,M
8/9/11,M
8/10/11,M
8/11/11,M
8/12/11,M
8/13/11,M
8/14/11,M
8/15/11,0.01
8/16/11,M
8/17/11,M
8/18/11,M
8/19/11,0.04
8/20/11,0.12
8/21/11,T
8/22/11,0.16
8/23/11,M
8/24/11,T
8/25/11,M
8/26/11,M
8/27/11,M
8/28/11,M
8/29/11,0.04
8/30/11,M
8/31/11,0.1
9/1/11,0.01
9/2/11,M
9/3/11,M
9/4/11,M
9/5/11,M
9/6/11,0.1
9/7/11,M
9/8/11,M
9/9/11,0.02
9/10/11,M
9/11/11,0.07
9/12/11,0.2
9/13/11,M
9/14/11,0.27
9/15/11,0.25
9/16/11,0.19
9/17/11,0.28
9/18/11,M
9/19/11,M
9/20/11,M
9/21/11,M
9/22/11,M
9/23/11,M
9/24/11,M
9/25/11,M
9/26/11,M
9/27/11,M
9/28/11,M
9/29/11,M
9/30/11,M
10/1/11,M
10/2/11,T
10/3/11,T
10/4/11,0.61
10/5/11,0.18
10/6/11,0.84
10/7/11,0.03
10/8/11,0.02
10/9/11,M
10/10/11,M
10/11/11,M
10/12/11,M
10/13/11,M
10/14/11,M
10/15/11,M
10/16/11,M
10/17/11,M
10/18/11,M
10/19/11,M
10/20/11,M
10/21/11,M
10/22/11,M
10/23/11,M
10/24/11,M
10/25/11,0.08
10/26/11,0.57
10/27/11,T
10/28/11,M
10/29/11,M
10/30/11,M
10/31/11,M
11/1/11,M
11/2/11,0.01
11/3/11,M
11/4/11,M
11/5/11,0.33
11/6/11,M
11/7/11,0.01
11/8/11,M
11/9/11,M
11/10/11,M
11/11/11,M
11/12/11,M
11/13/11,0.18
11/14/11,0.02
11/15/11,M
11/16/11,M
11/17/11,M
11/18/11,M
11/19/11,M
11/20/11,M
11/21/11,0.03
11/22/11,M
11/23/11,M
11/24/11,M
11/25/11,0.03
11/26/11,M
11/27/11,M
11/28/11,M
11/29/11,M
11/30/11,M
12/1/11,0.02
12/2/11,M
12/3/11,0.18
12/4/11,0.02
12/5/11,0.06
12/6/11,M
12/7/11,M
12/8/11,M
12/9/11,M
12/10/11,M
12/11/11,M
12/12/11,T
12/13/11,0.07
12/14/11,0.18
12/15/11,M
12/16/11,M
12/17/11,M
12/18/11,M
12/19/11,M
12/20/11,0.07
12/21/11,M
12/22/11,0.03
12/23/11,M
12/24/11,M
12/25/11,M
12/26/11,M
12/27/11,M
12/28/11,M
12/29/11,M
12/30/11,M
12/31/11,M
1/1/12,M
1/2/12,M
1/3/12,M
1/4/12,M
1/5/12,M
1/6/12,M
1/7/12,M
1/8/12,M
1/9/12,M
1/10/12,M
1/11/12,M
1/12/12,M
1/13/12,M
1/14/12,M
1/15/12,M
1/16/12,0.33
1/17/12,M
1/18/12,M
1/19/12,M
1/20/12,M
1/21/12,0.12
1/22/12,0.44
1/23/12,T
1/24/12,0.06
1/25/12,M
1/26/12,M
1/27/12,M
1/28/12,M
1/29/12,M
1/30/12,M
1/31/12,M
2/1/12,M
2/2/12,0.01
2/3/12,0.09
2/4/12,0.02
2/5/12,M
2/6/12,0.04
2/7/12,M
2/8/12,M
2/9/12,0.01
2/10/12,M
2/11/12,M
2/12/12,0.09
2/13/12,0.43
2/14/12,0.05
2/15/12,M
2/16/12,M
2/17/12,M
2/18/12,M
2/19/12,0.1
2/20/12,0.07
2/21/12,M
2/22/12,M
2/23/12,M
2/24/12,M
2/25/12,M
2/26/12,M
2/27/12,T
2/28/12,0.36
2/29/12,0.02
3/1/12,0.01
3/2/12,0.12
3/3/12,M
3/4/12,M
3/5/12,M
3/6/12,M
3/7/12,M
3/8/12,M
3/9/12,M
3/10/12,M
3/11/12,M
3/12/12,M
3/13/12,M
3/14/12,M
3/15/12,M
3/16/12,M
3/17/12,M
3/18/12,0.11
3/19/12,0.13
3/20/12,0.02
3/21/12,M
3/22/12,M
3/23/12,M
3/24/12,M
3/25/12,M
3/26/12,M
3/27/12,M
3/28/12,M
3/29/12,M
3/30/12,M
3/31/12,M
4/1/12,M
4/2/12,0.01
4/3/12,M
4/4/12,T
4/5/12,M
4/6/12,M
4/7/12,M
4/8/12,M
4/9/12,M
4/10/12,M
4/11/12,M
4/12/12,0.12
4/13/12,M
4/14/12,0.1
4/15/12,0.09
4/16/12,T
4/17/12,M
4/18/12,M
4/19/12,0.01
4/20/12,M
4/21/12,M
4/22/12,M
4/23/12,M
4/24/12,M
4/25/12,M
4/26/12,0.05
4/27/12,0.05
4/28/12,M
4/29/12,M
4/30/12,M
5/1/12,M
5/2/12,M
5/3/12,M
5/4/12,M
5/5/12,M
5/6/12,M
5/7/12,0.08
5/8/12,T
5/9/12,0.01
5/10/12,M
5/11/12,M
5/12/12,M
5/13/12,T
5/14/12,M
5/15/12,M
5/16/12,M
5/17/12,M
5/18/12,M
5/19/12,M
5/20/12,M
5/21/12,M
5/22/12,M
5/23/12,M
5/24/12,M
5/25/12,M
5/26/12,M
5/27/12,M
5/28/12,M
5/29/12,M
5/30/12,M
5/31/12,M
6/1/12,M
6/2/12,M
6/3/12,M
6/4/12,M
6/5/12,M
6/6/12,M
6/7/12,M
6/8/12,M
6/9/12,M
6/10/12,M
6/11/12,M
6/12/12,M
6/13/12,M
6/14/12,M
6/15/12,M
6/16/12,M
6/17/12,M
6/18/12,M
6/19/12,M
6/20/12,M
6/21/12,M
6/22/12,M
6/23/12,M
6/24/12,M
6/25/12,M
6/26/12,M
6/27/12,M
6/28/12,M
6/29/12,M
6/30/12,M
7/1/12,0
7/2/12,0
7/3/12,0.05
7/4/12,0.04
7/5/12,0.07
7/6/12,0
7/7/12,0.52
7/8/12,0.2
7/9/12,0.02
7/10/12,0.12
7/11/12,0.26
7/12/12,0.01
7/13/12,0.03
7/14/12,0
7/15/12,0.01
7/16/12,0.06
7/17/12,0
7/18/12,0
7/19/12,T
7/20/12,0.1
7/21/12,0.25
7/22/12,0.15
7/23/12,0
7/24/12,0
7/25/12,0.2
7/26/12,0.04
7/27/12,0
7/28/12,0.01
7/29/12,0
7/30/12,0.31
7/31/12,0.02
8/1/12,0
8/2/12,0
8/3/12,0
8/4/12,T
8/5/12,0
8/6/12,0.29
8/7/12,0.07
8/8/12,0
8/9/12,0.3
8/10/12,0
8/11/12,0
8/12/12,T
8/13/12,T
8/14/12,0
8/15/12,0
8/16/12,0
8/17/12,T
8/18/12,0
8/19/12,0
8/20/12,0
8/21/12,0
8/22/12,0.1
8/23/12,0.19
8/24/12,0.02
8/25/12,0
8/26/12,0
8/27/12,0
8/28/12,0.01
8/29/12,0
8/30/12,0
8/31/12,0
9/1/12,0
9/2/12,0.21
9/3/12,0
9/4/12,0
9/5/12,0
9/6/12,0
9/7/12,0
9/8/12,0
9/9/12,0
9/10/12,0
9/11/12,0.05
9/12/12,0.06
9/13/12,0.02
9/14/12,0
9/15/12,0
9/16/12,0
9/17/12,0
9/18/12,0
9/19/12,0
9/20/12,0
9/21/12,0
9/22/12,0
9/23/12,0
9/24/12,0.05
9/25/12,0
9/26/12,T
9/27/12,0
9/28/12,0
9/29/12,0
9/30/12,0
10/1/12,0
10/2/12,0
10/3/12,0
10/4/12,0
10/5/12,0
10/6/12,0
10/7/12,0
10/8/12,0
10/9/12,0
10/10/12,0
10/11/12,0
10/12/12,0.53
10/13/12,0.06
10/14/12,0
10/15/12,0
10/16/12,0
10/17/12,0
10/18/12,0
10/19/12,0
10/20/12,0
10/21/12,0
10/22/12,0
10/23/12,0
10/24/12,0
10/25/12,0
10/26/12,0
10/27/12,0
10/28/12,0
10/29/12,0
10/30/12,0
10/31/12,0
11/1/12,0
11/2/12,0
11/3/12,0
11/4/12,0
11/5/12,0
11/6/12,0
11/7/12,0
11/8/12,0
11/9/12,0.07
11/10/12,0.14
11/11/12,0
11/12/12,0
11/13/12,0
11/14/12,0
11/15/12,0
11/16/12,0
11/17/12,0
11/18/12,0
11/19/12,0
11/20/12,0
11/21/12,0
11/22/12,0
11/23/12,0
11/24/12,0
11/25/12,0
11/26/12,0
11/27/12,0
11/28/12,0
11/29/12,0
11/30/12,0
12/1/12,0
12/2/12,0
12/3/12,T
12/4/12,0
12/5/12,0
12/6/12,0
12/7/12,0
12/8/12,0
12/9/12,T
12/10/12,0
12/11/12,0
12/12/12,0
12/13/12,0
12/14/12,0.43
12/15/12,0.21
12/16/12,0.27
12/17/12,0
12/18/12,0
12/19/12,0.41
12/20/12,0
12/21/12,0
12/22/12,0
12/23/12,0
12/24/12,0.05
12/25/12,0.1
12/26/12,0
12/27/12,0.07
12/28/12,0
12/29/12,0
12/30/12,0
12/31/12,0.11
1/1/13,0
1/2/13,0
1/3/13,0
1/4/13,0
1/5/13,0
1/6/13,0
1/7/13,0
1/8/13,0
1/9/13,0
1/10/13,0
1/11/13,0.14
1/12/13,0
1/13/13,0
1/14/13,0
1/15/13,0
1/16/13,0
1/17/13,0
1/18/13,0
1/19/13,0
1/20/13,0
1/21/13,0
1/22/13,0
1/23/13,0
1/24/13,0
1/25/13,T
1/26/13,0.57
1/27/13,0.61
1/28/13,0.57
1/29/13,0.05
1/30/13,0
1/31/13,T
2/1/13,0
2/2/13,0
2/3/13,0
2/4/13,0
2/5/13,0
2/6/13,0
2/7/13,0
2/8/13,0
2/9/13,0.13
2/10/13,0.32
2/11/13,0.14
2/12/13,0
2/13/13,0
2/14/13,0
2/15/13,0
2/16/13,0
2/17/13,0
2/18/13,0
2/19/13,0
2/20/13,0.18
2/21/13,0.01
2/22/13,0.02
2/23/13,0
2/24/13,0.12
2/25/13,0
2/26/13,0.01
2/27/13,0
2/28/13,0
3/1/13,0
3/2/13,0
3/3/13,0
3/4/13,0.02
3/5/13,0
3/6/13,0
3/7/13,0
3/8/13,0.18
3/9/13,0.16
3/10/13,0
3/11/13,0
3/12/13,0
3/13/13,0
3/14/13,0
3/15/13,0
3/16/13,0
3/17/13,0
3/18/13,0
3/19/13,0
3/20/13,0
3/21/13,0
3/22/13,0
3/23/13,0
3/24/13,0
3/25/13,0
3/26/13,0
3/27/13,0
3/28/13,0
3/29/13,0
3/30/13,0
3/31/13,0
4/1/13,0
4/2/13,T
4/3/13,0
4/4/13,0
4/5/13,0
4/6/13,0
4/7/13,0
4/8/13,T
4/9/13,0.11
4/10/13,0
4/11/13,0
4/12/13,0
4/13/13,0
4/14/13,T
4/15/13,0
4/16/13,0
4/17/13,0.01
4/18/13,0
4/19/13,0
4/20/13,0
4/21/13,0
4/22/13,0
4/23/13,0
4/24/13,0
4/25/13,0
4/26/13,0
4/27/13,0
4/28/13,0
4/29/13,0
4/30/13,0
5/1/13,0
5/2/13,0
5/3/13,0
5/4/13,0
5/5/13,0
5/6/13,0.06
5/7/13,0
5/8/13,0.11
5/9/13,0.02
5/10/13,0.06
5/11/13,0
5/12/13,0
5/13/13,0
5/14/13,0
5/15/13,0
5/16/13,0
5/17/13,0
5/18/13,0
5/19/13,0
5/20/13,0.01
5/21/13,0
5/22/13,0
5/23/13,0
5/24/13,0
5/25/13,0
5/26/13,0
5/27/13,0
5/28/13,0
5/29/13,0.01
5/30/13,0
5/31/13,0
6/1/13,0
6/2/13,0
6/3/13,0.01
6/4/13,0
6/5/13,0
6/6/13,0
6/7/13,0
6/8/13,0
6/9/13,0
6/10/13,0
6/11/13,0
6/12/13,0
6/13/13,0
6/14/13,0
6/15/13,T
6/16/13,0
6/17/13,0
6/18/13,0
6/19/13,0
6/20/13,0
6/21/13,0
6/22/13,0
6/23/13,0
6/24/13,0
6/25/13,0
6/26/13,0
6/27/13,0
6/28/13,0.13
6/29/13,0
6/30/13,0
7/1/13,0
7/2/13,0
7/3/13,0
7/4/13,0
7/5/13,0
7/6/13,0
7/7/13,0
7/8/13,0
7/9/13,0
7/10/13,0
7/11/13,0
7/12/13,0.08
7/13/13,0.24
7/14/13,T
7/15/13,0.74
7/16/13,0.05
7/17/13,0.02
7/18/13,0
7/19/13,0.1
7/20/13,0.16
7/21/13,0.13
7/22/13,0.19
7/23/13,0
7/24/13,0
7/25/13,0.01
7/26/13,0.02
7/27/13,0
7/28/13,0.14
7/29/13,0.13
7/30/13,0
7/31/13,0
8/1/13,0.17
8/2/13,0.04
8/3/13,0.35
8/4/13,0.05
8/5/13,0.01
8/6/13,0.05
8/7/13,0.05
8/8/13,0.7
8/9/13,0
8/10/13,0.26
8/11/13,0.01
8/12/13,0
8/13/13,0
8/14/13,0
8/15/13,0
8/16/13,0
8/17/13,0
8/18/13,0
8/19/13,0.01
8/20/13,0.02
8/21/13,0.02
8/22/13,0.03
8/23/13,0
8/24/13,0.03
8/25/13,0.16
8/26/13,0.91
8/27/13,0
8/28/13,0
8/29/13,0
8/30/13,0
8/31/13,0
9/1/13,0
9/2/13,0.1
9/3/13,0.02
9/4/13,0
9/5/13,0
9/6/13,0
9/7/13,0
9/8/13,0.01
9/9/13,0.26
9/10/13,0.54
9/11/13,0.03
9/12/13,0.1
9/13/13,0.27
9/14/13,0.02
9/15/13,0.19
9/16/13,0
9/17/13,0
9/18/13,0.27
9/19/13,0.1
9/20/13,0
9/21/13,0
9/22/13,1.16
9/23/13,0
9/24/13,0
9/25/13,0
9/26/13,0
9/27/13,0.21
9/28/13,0
9/29/13,0
9/30/13,0
10/1/13,0
10/2/13,0
10/3/13,0
10/4/13,0
10/5/13,0
10/6/13,0
10/7/13,0
10/8/13,0
10/9/13,0
10/10/13,0.91
10/11/13,0
10/12/13,0
10/13/13,0
10/14/13,0
10/15/13,0
10/16/13,0
10/17/13,0
10/18/13,0
10/19/13,0
10/20/13,0
10/21/13,0
10/22/13,0
10/23/13,0
10/24/13,0
10/25/13,0.02
10/26/13,0.1
10/27/13,0
10/28/13,0
10/29/13,0.08
10/30/13,0.54
10/31/13,0
11/1/13,0
11/2/13,0
11/3/13,0
11/4/13,T
11/5/13,0
11/6/13,0
11/7/13,0
11/8/13,0
11/9/13,0
11/10/13,0
11/11/13,0
11/12/13,0
11/13/13,0
11/14/13,0
11/15/13,0.09
11/16/13,0.29
11/17/13,T
11/18/13,0
11/19/13,0
11/20/13,0.07
11/21/13,0.11
11/22/13,0.3
11/23/13,0.19
11/24/13,0.19
11/25/13,0.01
11/26/13,0
11/27/13,0
11/28/13,0
11/29/13,0
11/30/13,0
12/1/13,0
12/2/13,0
12/3/13,0
12/4/13,0.24
12/5/13,0.03
12/6/13,0
12/7/13,0.03
12/8/13,0.2
12/9/13,0
12/10/13,0
12/11/13,0
12/12/13,0
12/13/13,0
12/14/13,0
12/15/13,0
12/16/13,0
12/17/13,0
12/18/13,0
12/19/13,0
12/20/13,0.01
12/21/13,T
12/22/13,0
12/23/13,0
12/24/13,0
12/25/13,0
12/26/13,0
12/27/13,0
12/28/13,0
12/29/13,0
12/30/13,0
12/31/13,0
1/1/14,0
1/2/14,0
1/3/14,0
1/4/14,0
1/5/14,0
1/6/14,0
1/7/14,0
1/8/14,0
1/9/14,0.02
1/10/14,0
1/11/14,0
1/12/14,T
1/13/14,0
1/14/14,0
1/15/14,0
1/16/14,0
1/17/14,0
1/18/14,0
1/19/14,0
1/20/14,0
1/21/14,0
1/22/14,0
1/23/14,0
1/24/14,0
1/25/14,0
1/26/14,0
1/27/14,0
1/28/14,0
1/29/14,0
1/30/14,0
1/31/14,0.09
2/1/14,0.05
2/2/14,0
2/3/14,0.05
2/4/14,0.17
2/5/14,T
2/6/14,0
2/7/14,0.11
2/8/14,0
2/9/14,0.01
2/10/14,0
2/11/14,0
2/12/14,0
2/13/14,0
2/14/14,0
2/15/14,0
2/16/14,0
2/17/14,0
2/18/14,0
2/19/14,0
2/20/14,0
2/21/14,0
2/22/14,0
2/23/14,0
2/24/14,0
2/25/14,0
2/26/14,0
2/27/14,0.18
2/28/14,0.04
3/1/14,0.38
3/2/14,0.06
3/3/14,0
3/4/14,0.07
3/5/14,T
3/6/14,0
3/7/14,0.03
3/8/14,0
3/9/14,0
3/10/14,0
3/11/14,0
3/12/14,0
3/13/14,0
3/14/14,0
3/15/14,0
3/16/14,0
3/17/14,0
3/18/14,0
3/19/14,0
3/20/14,0
3/21/14,0
3/22/14,0
3/23/14,0
3/24/14,0
3/25/14,0
3/26/14,0
3/27/14,0.02
3/28/14,0
3/29/14,0
3/30/14,0
3/31/14,0
4/1/14,0
4/2/14,0.06
4/3/14,0.26
4/4/14,0
4/5/14,0
4/6/14,0
4/7/14,0
4/8/14,T
4/9/14,0
4/10/14,0
4/11/14,0
4/12/14,0
4/13/14,0.08
4/14/14,T
4/15/14,0
4/16/14,0
4/17/14,0
4/18/14,0
4/19/14,0.06
4/20/14,0
4/21/14,0
4/22/14,0
4/23/14,0
4/24/14,0
4/25/14,0
4/26/14,0.31
4/27/14,0.6
4/28/14,0
4/29/14,0
4/30/14,0
5/1/14,0
5/2/14,0
5/3/14,0
5/4/14,0
5/5/14,0
5/6/14,0
5/7/14,0
5/8/14,0.02
5/9/14,0
5/10/14,0
5/11/14,0
5/12/14,0.05
5/13/14,T
5/14/14,0
5/15/14,0
5/16/14,0
5/17/14,0
5/18/14,0
5/19/14,0
5/20/14,0
5/21/14,0
5/22/14,0
5/23/14,0.02
5/24/14,0
5/25/14,0.23
5/26/14,0
5/27/14,0
5/28/14,0
5/29/14,0
5/30/14,0
5/31/14,0
6/1/14,0
6/2/14,0
6/3/14,0
6/4/14,0
6/5/14,0
6/6/14,0
6/7/14,0
6/8/14,T
6/9/14,0
6/10/14,0
6/11/14,0
6/12/14,0
6/13/14,0
6/14/14,0
6/15/14,0
6/16/14,0
6/17/14,0
6/18/14,0
6/19/14,0
6/20/14,0
6/21/14,0
6/22/14,0
6/23/14,0
6/24/14,0
6/25/14,0
6/26/14,0
6/27/14,0
6/28/14,0
6/29/14,0
6/30/14,0
7/1/14,0
7/2/14,0
7/3/14,T
7/4/14,T
7/5/14,0.02
7/6/14,0
7/7/14,0
7/8/14,0
7/9/14,T
7/10/14,0
7/11/14,0
7/12/14,0.03
7/13/14,0.07
7/14/14,0.06
7/15/14,0.03
7/16/14,0
7/17/14,0
7/18/14,0
7/19/14,0
7/20/14,0
7/21/14,0
7/22/14,0
7/23/14,0
7/24/14,0
7/25/14,0.15
7/26/14,0
7/27/14,0.02
7/28/14,0.01
7/29/14,0.48
7/30/14,0
7/31/14,0
8/1/14,0
8/2/14,0
8/3/14,0
8/4/14,0.1
8/5/14,0.06
8/6/14,0
8/7/14,0
8/8/14,0
8/9/14,0
8/10/14,0
8/11/14,0
8/12/14,0.11
8/13/14,0.01
8/14/14,0.89
8/15/14,0.02
8/16/14,0
8/17/14,0
8/18/14,0
8/19/14,0.01
8/20/14,0.03
8/21/14,0
8/22/14,0.97
8/23/14,0
8/24/14,0.01
8/25/14,0
8/26/14,0
8/27/14,0.29
8/28/14,0
8/29/14,0
8/30/14,0
8/31/14,0
9/1/14,0
9/2/14,0
9/3/14,0
9/4/14,0.09
9/5/14,0
9/6/14,0
9/7/14,0
9/8/14,0.04
9/9/14,0.7
9/10/14,0
9/11/14,0
9/12/14,0
9/13/14,0
9/14/14,0
9/15/14,0
9/16/14,0
9/17/14,0.12
9/18/14,0
9/19/14,0
9/20/14,0
9/21/14,0.28
9/22/14,0.32
9/23/14,0
9/24/14,0
9/25/14,0
9/26/14,0
9/27/14,0
9/28/14,1.52
9/29/14,0.13
9/30/14,0
10/1/14,0
10/2/14,0
10/3/14,0
10/4/14,0
10/5/14,0
10/6/14,0
10/7/14,0
10/8/14,0
10/9/14,0.26
10/10/14,0.02
10/11/14,0
10/12/14,0
10/13/14,0
10/14/14,0
10/15/14,0
10/16/14,0
10/17/14,0
10/18/14,0
10/19/14,0.31
10/20/14,0.01
10/21/14,0
10/22/14,0
10/23/14,0
10/24/14,0
10/25/14,0
10/26/14,0
10/27/14,0
10/28/14,0
10/29/14,0
10/30/14,0
10/31/14,0
11/1/14,0.12
11/2/14,0.13
11/3/14,0
11/4/14,0
11/5/14,0
11/6/14,0
11/7/14,0
11/8/14,0
11/9/14,0
11/10/14,0
11/11/14,0
11/12/14,0
11/13/14,0
11/14/14,0.32
11/15/14,0
11/16/14,0.2
11/17/14,0
11/18/14,0
11/19/14,0
11/20/14,0
11/21/14,0
11/22/14,0
11/23/14,0
11/24/14,T
11/25/14,0
11/26/14,0
11/27/14,0
11/28/14,0
11/29/14,0
11/30/14,0
12/1/14,0
12/2/14,0
12/3/14,0.01
12/4/14,0.22
12/5/14,0.01
12/6/14,0
12/7/14,0
12/8/14,0
12/9/14,0
12/10/14,0
12/11/14,0
12/12/14,0
12/13/14,0.39
12/14/14,0.02
12/15/14,0
12/16/14,0
12/17/14,0.11
12/18/14,0.07
12/19/14,0
12/20/14,0
12/21/14,0
12/22/14,0.05
12/23/14,0
12/24/14,0.1
12/25/14,0.05
12/26/14,0
12/27/14,0
12/28/14,0
12/29/14,0.06
12/30/14,0
12/31/14,0
1/1/15,0.21
1/2/15,0
1/3/15,0
1/4/15,0
1/5/15,0
1/6/15,0
1/7/15,0
1/8/15,0
1/9/15,0
1/10/15,0
1/11/15,0.13
1/12/15,0
1/13/15,0.4
1/14/15,T
1/15/15,0
1/16/15,0
1/17/15,0
1/18/15,0
1/19/15,0
1/20/15,0
1/21/15,0
1/22/15,0
1/23/15,0
1/24/15,0
1/25/15,0
1/26/15,0
1/27/15,T
1/28/15,0
1/29/15,0
1/30/15,0.01
1/31/15,0.02
2/1/15,0
2/2/15,0
2/3/15,0
2/4/15,0
2/5/15,0
2/6/15,0
2/7/15,0
2/8/15,0
2/9/15,0
2/10/15,0
2/11/15,0.03
2/12/15,0
2/13/15,0
2/14/15,0
2/15/15,0
2/16/15,0
2/17/15,0
2/18/15,0
2/19/15,0
2/20/15,0
2/21/15,0
2/22/15,0.45
2/23/15,0.53
2/24/15,0.01
2/25/15,0
2/26/15,0.01
2/27/15,0.1
2/28/15,0.04
3/1/15,0.05
3/2/15,0.06
3/3/15,0.04
3/4/15,0
3/5/15,0
3/6/15,0
3/7/15,0
3/8/15,0
3/9/15,0
3/10/15,0
3/11/15,0
3/12/15,0
3/13/15,0
3/14/15,0
3/15/15,0
3/16/15,0
3/17/15,0
3/18/15,0
3/19/15,0
3/20/15,0
3/21/15,0
3/22/15,0
3/23/15,0
3/24/15,0
3/25/15,0
3/26/15,0
3/27/15,0
3/28/15,0
3/29/15,0
3/30/15,0
3/31/15,0
4/1/15,0
4/2/15,0
4/3/15,0
4/4/15,0
4/5/15,0
4/6/15,0
4/7/15,0
4/8/15,0
4/9/15,0
4/10/15,0
4/11/15,0
4/12/15,0
4/13/15,0
4/14/15,0
4/15/15,0
4/16/15,0
4/17/15,0
4/18/15,0.26
4/19/15,0
4/20/15,0
4/21/15,0
4/22/15,0
4/23/15,0
4/24/15,0
4/25/15,0.15
4/26/15,0.19
4/27/15,0
4/28/15,T
4/29/15,0
4/30/15,0
5/1/15,0
5/2/15,0
5/3/15,0
5/4/15,0
5/5/15,0.16
5/6/15,0.2
5/7/15,0.02
5/8/15,0.07
5/9/15,0.32
5/10/15,0.01
5/11/15,0
5/12/15,0.1
5/13/15,0
5/14/15,0
5/15/15,0.47
5/16/15,0.92
5/17/15,0
5/18/15,0
5/19/15,0.67
5/20/15,0
5/21/15,0
5/22/15,0.07
5/23/15,0
5/24/15,0.02
5/25/15,0.28
5/26/15,0
5/27/15,0
5/28/15,0
5/29/15,0
5/30/15,0
5/31/15,0
6/1/15,0
6/2/15,0
6/3/15,0
6/4/15,0
6/5/15,0.21
6/6/15,0.6
6/7/15,0
6/8/15,0
6/9/15,0
6/10/15,0.5
6/11/15,0.44
6/12/15,0
6/13/15,0
6/14/15,0.02
6/15/15,0.13
6/16/15,0
6/17/15,0
6/18/15,0
6/19/15,0
6/20/15,0
6/21/15,0
6/22/15,0
6/23/15,0
6/24/15,0
6/25/15,0
6/26/15,0
6/27/15,0
6/28/15,0
6/29/15,0
6/30/15,0
7/1/15,0
7/2/15,0.16
7/3/15,0.05
7/4/15,0
7/5/15,0.04
7/6/15,0.07
7/7/15,0.28
7/8/15,0.1
7/9/15,0
7/10/15,0.03
7/11/15,0.07
7/12/15,0.15
7/13/15,0.23
7/14/15,0.36
7/15/15,0.27
7/16/15,0
7/17/15,0
7/18/15,0
7/19/15,0
7/20/15,0.01
7/21/15,0.01
7/22/15,0
7/23/15,0
7/24/15,0
7/25/15,0
7/26/15,0
7/27/15,0
7/28/15,0
7/29/15,0
7/30/15,0
7/31/15,0.02
8/1/15,0.29
8/2/15,0.1
8/3/15,0
8/4/15,0
8/5/15,0
8/6/15,0
8/7/15,0.29
8/8/15,0.06
8/9/15,0
8/10/15,0
8/11/15,0.08
8/12/15,0.2
8/13/15,0
8/14/15,0
8/15/15,0
8/16/15,0
8/17/15,0.08
8/18/15,0
8/19/15,0
8/20/15,0
8/21/15,0
8/22/15,0
8/23/15,0
8/24/15,0.02
8/25/15,0.23
8/26/15,0.27
8/27/15,0.05
8/28/15,0
8/29/15,0
8/30/15,0
8/31/15,0
9/1/15,0
9/2/15,0
9/3/15,0.02
9/4/15,0.94
9/5/15,0.52
9/6/15,0.01
9/7/15,0
9/8/15,0
9/9/15,0
9/10/15,0
9/11/15,0
9/12/15,0
9/13/15,0
9/14/15,0.01
9/15/15,0.14
9/16/15,0
9/17/15,0
9/18/15,0
9/19/15,0
9/20/15,0
9/21/15,0
9/22/15,0.05
9/23/15,0.12
9/24/15,0
9/25/15,0
9/26/15,0
9/27/15,0
9/28/15,0
9/29/15,0
9/30/15,0
10/1/15,0
10/2/15,0
10/3/15,0
10/4/15,0
10/5/15,0.4
10/6/15,0.44
10/7/15,0.06
10/8/15,0
10/9/15,0
10/10/15,0
10/11/15,0
10/12/15,0
10/13/15,0
10/14/15,0
10/15/15,0
10/16/15,0
10/17/15,T
10/18/15,0.43
10/19/15,0.51
10/20/15,0.03
10/21/15,0.24
10/22/15,0.05
10/23/15,0
10/24/15,0
10/25/15,0.12
10/26/15,0
10/27/15,0
10/28/15,0
10/29/15,0
10/30/15,0.03
10/31/15,0
11/1/15,0
11/2/15,0
11/3/15,0
11/4/15,0.39
11/5/15,0.13
11/6/15,0
11/7/15,0
11/8/15,0
11/9/15,0
11/10/15,0.16
11/11/15,0.34
11/12/15,0
11/13/15,0
11/14/15,0
11/15/15,0
11/16/15,1.3
11/17/15,0.01
11/18/15,0
11/19/15,0
11/20/15,0
11/21/15,0
11/22/15,0
11/23/15,0
11/24/15,0
11/25/15,0
11/26/15,0
11/27/15,T
11/28/15,0
11/29/15,0
11/30/15,0.06
12/1/15,0
12/2/15,0
12/3/15,0
12/4/15,0
12/5/15,0.01
12/6/15,0
12/7/15,0
12/8/15,0
12/9/15,0
12/10/15,0
12/11/15,0
12/12/15,0.26
12/13/15,0
12/14/15,0.13
12/15/15,0.26
12/16/15,0
12/17/15,0
12/18/15,0
12/19/15,0
12/20/15,T
12/21/15,0.12
12/22/15,0.7
12/23/15,0.22
12/24/15,0.01
12/25/15,0.34
12/26/15,0
12/27/15,0
12/28/15,0
12/29/15,0.02
12/30/15,0.03
12/31/15,0
1/1/16,0
1/2/16,0
1/3/16,0
1/4/16,0
1/5/16,0.04
1/6/16,0.22
1/7/16,0.18
1/8/16,0.28
1/9/16,0
1/10/16,0
1/11/16,0
1/12/16,0
1/13/16,0
1/14/16,0
1/15/16,0.01
1/16/16,0
1/17/16,0
1/18/16,0
1/19/16,0.02
1/20/16,0.19
1/21/16,0
1/22/16,0
1/23/16,0.12
1/24/16,0
1/25/16,0
1/26/16,0
1/27/16,0
1/28/16,0
1/29/16,0
1/30/16,0
1/31/16,0.19
2/1/16,0.38
2/2/16,0.04
2/3/16,0
2/4/16,0
2/5/16,0
2/6/16,0
2/7/16,0
2/8/16,0
2/9/16,0
2/10/16,0
2/11/16,0
2/12/16,0
2/13/16,0
2/14/16,0
2/15/16,0
2/16/16,0
2/17/16,0
2/18/16,T
2/19/16,0
2/20/16,0
2/21/16,0
2/22/16,T
2/23/16,T
2/24/16,0
2/25/16,0
2/26/16,0
2/27/16,0
2/28/16,0
2/29/16,0
3/1/16,0
3/2/16,0
3/3/16,0
3/4/16,0
3/5/16,0
3/6/16,0.03
3/7/16,0.02
3/8/16,0
3/9/16,0
3/10/16,0
3/11/16,0
3/12/16,0.01
3/13/16,0
3/14/16,0
3/15/16,0
3/16/16,0
3/17/16,0
3/18/16,0
3/19/16,0
3/20/16,0
3/21/16,0
3/22/16,0
3/23/16,0.05
3/24/16,0
3/25/16,0
3/26/16,0.06
3/27/16,0
3/28/16,0
3/29/16,0.15
3/30/16,0.04
3/31/16,0
4/1/16,0
4/2/16,0
4/3/16,0
4/4/16,0
4/5/16,0
4/6/16,0
4/7/16,0
4/8/16,T
4/9/16,0.23
4/10/16,0
4/11/16,T
4/12/16,0.01
4/13/16,0
4/14/16,0
4/15/16,0.11
4/16/16,0.45
4/17/16,0.28
4/18/16,0.02
4/19/16,0
4/20/16,0
4/21/16,0
4/22/16,0
4/23/16,0
4/24/16,0
4/25/16,0.01
4/26/16,T
4/27/16,0.03
4/28/16,0.16
4/29/16,0.05
4/30/16,0.01
5/1/16,0.07
5/2/16,0.01
5/3/16,0
5/4/16,0
5/5/16,0
5/6/16,0
5/7/16,0.01
5/8/16,0.09
5/9/16,0.51
5/10/16,0.03
5/11/16,0.1
5/12/16,0
5/13/16,0
5/14/16,0
5/15/16,T
5/16/16,0.13
5/17/16,0.03
5/18/16,0.03
5/19/16,T
5/20/16,0
5/21/16,0
5/22/16,0
5/23/16,0
5/24/16,0
5/25/16,0
5/26/16,0
5/27/16,0
5/28/16,0
5/29/16,0
5/30/16,0
5/31/16,0
6/1/16,0
6/2/16,0
6/3/16,0
6/4/16,0
6/5/16,0
6/6/16,0
6/7/16,0
6/8/16,0
6/9/16,0
6/10/16,0
6/11/16,0
6/12/16,0
6/13/16,0.06
6/14/16,0
6/15/16,0
6/16/16,0
6/17/16,0
6/18/16,0
6/19/16,0
6/20/16,0
6/21/16,0
6/22/16,0
6/23/16,T
6/24/16,0
6/25/16,0
6/26/16,0
6/27/16,0
6/28/16,0.15
6/29/16,0
6/30/16,0.02
7/1/16,0.24
7/2/16,0.41
7/3/16,0
7/4/16,0
7/5/16,0
7/6/16,0
7/7/16,0
7/8/16,0
7/9/16,0
7/10/16,0
7/11/16,0
7/12/16,0
7/13/16,0
7/14/16,0
7/15/16,0
7/16/16,0
7/17/16,0
7/18/16,0
7/19/16,0.21
7/20/16,0.77
7/21/16,0.03
7/22/16,0
7/23/16,0
7/24/16,0
7/25/16,0
7/26/16,0
7/27/16,0
7/28/16,0
7/29/16,0
7/30/16,0.06
7/31/16,0
8/1/16,0.16
8/2/16,0
8/3/16,0
8/4/16,0.16
8/5/16,1.11
8/6/16,0.5
8/7/16,0
8/8/16,0
8/9/16,0
8/10/16,0.07
8/11/16,0
8/12/16,0
8/13/16,0
8/14/16,0
8/15/16,0
8/16/16,0
8/17/16,0
8/18/16,0
8/19/16,0
8/20/16,0
8/21/16,0
8/22/16,0.02
8/23/16,0.9
8/24/16,0.04
8/25/16,0.27
8/26/16,0.13
8/27/16,0.17
8/28/16,0.11
8/29/16,0.14
8/30/16,0.06
8/31/16,0
9/1/16,0
9/2/16,0.16
9/3/16,0.01
9/4/16,0
9/5/16,0
9/6/16,0
9/7/16,0
9/8/16,0
9/9/16,0
9/10/16,0
9/11/16,0
9/12/16,0.03
9/13/16,0
9/14/16,0.07
9/15/16,0
9/16/16,0
9/17/16,0
9/18/16,0
9/19/16,0
9/20/16,0
9/21/16,0.56
9/22/16,0.04
9/23/16,0.65
9/24/16,0
9/25/16,0
9/26/16,0
9/27/16,0
9/28/16,0
9/29/16,0.04
9/30/16,0
10/1/16,0
10/2/16,0
10/3/16,0.03
10/4/16,0
10/5/16,0
10/6/16,0
10/7/16,0
10/8/16,0
10/9/16,0.07
10/10/16,0.11
10/11/16,0
10/12/16,0
10/13/16,0
10/14/16,0
10/15/16,0
10/16/16,0
10/17/16,0
10/18/16,0
10/19/16,0
10/20/16,0
10/21/16,0
10/22/16,0
10/23/16,0
10/24/16,0
10/25/16,0.08
10/26/16,0
10/27/16,0
10/28/16,0
10/29/16,0.01
10/30/16,0
10/31/16,0
11/1/16,0
11/2/16,0
11/3/16,0
11/4/16,0.38
11/5/16,0.51
11/6/16,0
11/7/16,0
11/8/16,0
11/9/16,0
11/10/16,0
11/11/16,0
11/12/16,0
11/13/16,0
11/14/16,0
11/15/16,0
11/16/16,0
11/17/16,0.18
11/18/16,0
11/19/16,0
11/20/16,0
11/21/16,0.81
11/22/16,0.29
11/23/16,0
11/24/16,0
11/25/16,0
11/26/16,0
11/27/16,0.06
11/28/16,0.09
11/29/16,0.57
11/30/16,0
12/1/16,0
12/2/16,0.07
12/3/16,0
12/4/16,0
12/5/16,0
12/6/16,0
12/7/16,0.04
12/8/16,0
12/9/16,0
12/10/16,0
12/11/16,0.05
12/12/16,0
12/13/16,0
12/14/16,0
12/15/16,0
12/16/16,0.24
12/17/16,0.66
12/18/16,0
12/19/16,0
12/20/16,0
12/21/16,0
12/22/16,0.36
12/23/16,0.2
12/24/16,0
12/25/16,0.35
12/26/16,0
12/27/16,0
12/28/16,0
12/29/16,0
12/30/16,0
12/31/16,0.22
1/1/17,0.02
1/2/17,0.01
1/3/17,0.02
1/4/17,0.05
1/5/17,0.23
1/6/17,0.26
1/7/17,0
1/8/17,0.09
1/9/17,0.43
1/10/17,0.01
1/11/17,0
1/12/17,0
1/13/17,0.01
1/14/17,0.11
1/15/17,0.02
1/16/17,0.11
1/17/17,0.01
1/18/17,0
1/19/17,0.05
1/20/17,0.26
1/21/17,0.6
1/22/17,0.01
1/23/17,0.22
1/24/17,0.41
1/25/17,0.06
1/26/17,0
1/27/17,0
1/28/17,0
1/29/17,0
1/30/17,0
1/31/17,0
2/1/17,0
2/2/17,0
2/3/17,0
2/4/17,0
2/5/17,0
2/6/17,0.02
2/7/17,0.03
2/8/17,0
2/9/17,0
2/10/17,0
2/11/17,0.04
2/12/17,0.04
2/13/17,0.1
2/14/17,0.01
2/15/17,0
2/16/17,0
2/17/17,0
2/18/17,0
2/19/17,0.51
2/20/17,0.07
2/21/17,0
2/22/17,0
2/23/17,0.05
2/24/17,0.02
2/25/17,0
2/26/17,0
2/27/17,0.02
2/28/17,0.66
3/1/17,0
3/2/17,0
3/3/17,0
3/4/17,0
3/5/17,0
3/6/17,0.04
3/7/17,0
3/8/17,0
3/9/17,0
3/10/17,0
3/11/17,0
3/12/17,0
3/13/17,0
3/14/17,0
3/15/17,0
3/16/17,0
3/17/17,0
3/18/17,0
3/19/17,0
3/20/17,0
3/21/17,0
3/22/17,0
3/23/17,0.05
3/24/17,0.13
3/25/17,0
3/26/17,0.2
3/27/17,T
3/28/17,0.27
3/29/17,0
3/30/17,0
3/31/17,0.13
4/1/17,0.03
4/2/17,0.02
4/3/17,0
4/4/17,0.13
4/5/17,0
4/6/17,0
4/7/17,0
4/8/17,0
4/9/17,0
4/10/17,0
4/11/17,0
4/12/17,0
4/13/17,0
4/14/17,0
4/15/17,0
4/16/17,0
4/17/17,0
4/18/17,0
4/19/17,0
4/20/17,0
4/21/17,0
4/22/17,0
4/23/17,0
4/24/17,0
4/25/17,0.11
4/26/17,0
4/27/17,0.45
4/28/17,0.02
4/29/17,0
4/30/17,0
5/1/17,0
5/2/17,0
5/3/17,0
5/4/17,0
5/5/17,0
5/6/17,T
5/7/17,0
5/8/17,0
5/9/17,0.89
5/10/17,0.3
5/11/17,0.02
5/12/17,0
5/13/17,0
5/14/17,0
5/15/17,0
5/16/17,0
5/17/17,0.03
5/18/17,0.26
5/19/17,0
5/20/17,0
5/21/17,0
5/22/17,0
5/23/17,0
5/24/17,0
5/25/17,0
5/26/17,0
5/27/17,0
5/28/17,0
5/29/17,0
5/30/17,0
5/31/17,0
6/1/17,0
6/2/17,0
6/3/17,0
6/4/17,0
6/5/17,0
6/6/17,0
6/7/17,0
6/8/17,0
6/9/17,0
6/10/17,0
6/11/17,0
6/12/17,0
6/13/17,0
6/14/17,0
6/15/17,0
6/16/17,0
6/17/17,0
6/18/17,0
6/19/17,0
6/20/17,0
6/21/17,0
6/22/17,0
6/23/17,0
6/24/17,0
6/25/17,0
6/26/17,0
6/27/17,0
6/28/17,0
6/29/17,0
6/30/17,0
7/1/17,0
7/2/17,0
7/3/17,0
7/4/17,0
7/5/17,0
7/6/17,0
7/7/17,0.19
7/8/17,0.03
7/9/17,0.05
7/10/17,0
7/11/17,0
7/12/17,0.07
7/13/17,0
7/14/17,0
7/15/17,0.6
7/16/17,0.56
7/17/17,0.08
7/18/17,0
7/19/17,0
7/20/17,0.08
7/21/17,0.05
7/22/17,0
7/23/17,0
7/24/17,0.03
7/25/17,0.51
7/26/17,0.3
7/27/17,0.05
7/28/17,0
7/29/17,0.13
7/30/17,0.08
7/31/17,0.05
8/1/17,0.08
8/2/17,0
8/3/17,0
8/4/17,0
8/5/17,0.06
8/6/17,0.29
8/7/17,0.14
8/8/17,0
8/9/17,0
8/10/17,0
8/11/17,0.01
8/12/17,0
8/13/17,0
8/14/17,0
8/15/17,0
8/16/17,0
8/17/17,0
8/18/17,0
8/19/17,0
8/20/17,0
8/21/17,0.21
8/22/17,0
8/23/17,0
8/24/17,0
8/25/17,0
8/26/17,0
8/27/17,T
8/28/17,0
8/29/17,0.02
8/30/17,0
8/31/17,0.23
9/1/17,0
9/2/17,0
9/3/17,0
9/4/17,0
9/5/17,0
9/6/17,0
9/7/17,0
9/8/17,0.16
9/9/17,0
9/10/17,0.47
9/11/17,0
9/12/17,0.18
9/13/17,0
9/14/17,0.31
9/15/17,0.13
9/16/17,0
9/17/17,0.06
9/18/17,0
9/19/17,0
9/20/17,0
9/21/17,0
9/22/17,0
9/23/17,0.45
9/24/17,0
9/25/17,0
9/26/17,0
9/27/17,0.71
9/28/17,0.01
9/29/17,0.34
9/30/17,0.17
10/1/17,0
10/2/17,0
10/3/17,0
10/4/17,0
10/5/17,0
10/6/17,0
10/7/17,0
10/8/17,0
10/9/17,0
10/10/17,0
10/11/17,0
10/12/17,0
10/13/17,0
10/14/17,0
10/15/17,0
10/16/17,0
10/17/17,0
10/18/17,0
10/19/17,0
10/20/17,0
10/21/17,0
10/22/17,0
10/23/17,0
10/24/17,0
10/25/17,0
10/26/17,0
10/27/17,0
10/28/17,0
10/29/17,0
10/30/17,0
10/31/17,0.17
11/1/17,0
11/2/17,0
11/3/17,0
11/4/17,0
11/5/17,0
11/6/17,0
11/7/17,0.03
11/8/17,0
11/9/17,0
11/10/17,0
11/11/17,0
11/12/17,0
11/13/17,0
11/14/17,0
11/15/17,0
11/16/17,0
11/17/17,0
11/18/17,0.05
11/19/17,0
11/20/17,0
11/21/17,0
11/22/17,0
11/23/17,0
11/24/17,0
11/25/17,0
11/26/17,0
11/27/17,0
11/28/17,T
11/29/17,0
11/30/17,0
12/1/17,0
12/2/17,0
12/3/17,0
12/4/17,0
12/5/17,0
12/6/17,0
12/7/17,0
12/8/17,0
12/9/17,0
12/10/17,0
12/11/17,0
12/12/17,0
12/13/17,0
12/14/17,0
12/15/17,0
12/16/17,0
12/17/17,0
12/18/17,0
12/19/17,0
12/20/17,0
12/21/17,0.02
12/22/17,0
12/23/17,0
12/24/17,0
12/25/17,0
12/26/17,0
12/27/17,0
12/28/17,0
12/29/17,0
12/30/17,0
12/31/17,0
1/1/18,0
1/2/18,0
1/3/18,0
1/4/18,0
1/5/18,0
1/6/18,0
1/7/18,0.33
1/8/18,0
1/9/18,0
1/10/18,0.31
1/11/18,0.11
1/12/18,0
1/13/18,0
1/14/18,0
1/15/18,0
1/16/18,0
1/17/18,0
1/18/18,0
1/19/18,0
1/20/18,0.03
1/21/18,0.22
1/22/18,0
1/23/18,0
1/24/18,0
1/25/18,0
1/26/18,0
1/27/18,0
1/28/18,0
1/29/18,0
1/30/18,0
1/31/18,0
2/1/18,0
2/2/18,0
2/3/18,0
2/4/18,0
2/5/18,0
2/6/18,0.11
2/7/18,0
2/8/18,0
2/9/18,0
2/10/18,T
2/11/18,0
2/12/18,0.06
2/13/18,0.02
2/14/18,0
2/15/18,0.16
2/16/18,0
2/17/18,0
2/18/18,0
2/19/18,0.12
2/20/18,0
2/21/18,0
2/22/18,0.25
2/23/18,0.1
2/24/18,0
2/25/18,0.05
2/26/18,0
2/27/18,0
2/28/18,0
3/1/18,0
3/2/18,0
3/3/18,0
3/4/18,0.01
3/5/18,0
3/6/18,0
3/7/18,0
3/8/18,0
3/9/18,0
3/10/18,0
3/11/18,0
3/12/18,0
3/13/18,0
3/14/18,0
3/15/18,0.03
3/16/18,0.04
3/17/18,0
3/18/18,0.26
3/19/18,0
3/20/18,0
3/21/18,0
3/22/18,0
3/23/18,0
3/24/18,0
3/25/18,0
3/26/18,0
3/27/18,0
3/28/18,0
3/29/18,0
3/30/18,0
3/31/18,0
4/1/18,0
4/2/18,0
4/3/18,0
4/4/18,0
4/5/18,0
4/6/18,0
4/7/18,0
4/8/18,0.38
4/9/18,0
4/10/18,0
4/11/18,0
4/12/18,0
4/13/18,0
4/14/18,0
4/15/18,0
4/16/18,0
4/17/18,0
4/18/18,0
4/19/18,0
4/20/18,0
4/21/18,0
4/22/18,0
4/23/18,0
4/24/18,0
4/25/18,0
4/26/18,0
4/27/18,0
4/28/18,0
4/29/18,0
4/30/18,0
5/1/18,0
5/2/18,0.38
5/3/18,0.11
5/4/18,0
5/5/18,0
5/6/18,0
5/7/18,0
5/8/18,0
5/9/18,0
5/10/18,0
5/11/18,0
5/12/18,0
5/13/18,0
5/14/18,0
5/15/18,0
5/16/18,0
5/17/18,0
5/18/18,0
5/19/18,0
5/20/18,0
5/21/18,T
5/22/18,0
5/23/18,0
5/24/18,0
5/25/18,0
5/26/18,0
5/27/18,0
5/28/18,0
5/29/18,0
5/30/18,0
5/31/18,0
6/1/18,0
6/2/18,0
6/3/18,0.06
6/4/18,0
6/5/18,0
6/6/18,0
6/7/18,0
6/8/18,0
6/9/18,0
6/10/18,0
6/11/18,0
6/12/18,0
6/13/18,0
6/14/18,0
6/15/18,0
6/16/18,0.12
6/17/18,0.73
6/18/18,0
6/19/18,0
6/20/18,0
6/21/18,0
6/22/18,0
6/23/18,0
6/24/18,0
6/25/18,0
6/26/18,0
6/27/18,0
6/28/18,0
6/29/18,0
6/30/18,0
7/1/18,0
7/2/18,0
7/3/18,0
7/4/18,0
7/5/18,0.03
7/6/18,0
7/7/18,0.08
7/8/18,T
7/9/18,0.52
7/10/18,0.02
7/11/18,T
7/12/18,0
7/13/18,0.03
7/14/18,0.22
7/15/18,0
7/16/18,0
7/17/18,0.04
7/18/18,0.92
7/19/18,0
7/20/18,0
7/21/18,0
7/22/18,0
7/23/18,0
7/24/18,0
7/25/18,0
7/26/18,0
7/27/18,0
7/28/18,0
7/29/18,0.13
7/30/18,0
7/31/18,0
8/1/18,0
8/2/18,0
8/3/18,0
8/4/18,0
8/5/18,0
8/6/18,0
8/7/18,0
8/8/18,0
8/9/18,0
8/10/18,0.14
8/11/18,0
8/12/18,0.1
8/13/18,0
8/14/18,0
8/15/18,0
8/16/18,0
8/17/18,0.09
8/18/18,0
8/19/18,0
8/20/18,0
8/21/18,0
8/22/18,0.58
8/23/18,0
8/24/18,0
8/25/18,0
8/26/18,0.01
8/27/18,0
8/28/18,0
8/29/18,0
8/30/18,0
8/31/18,0
9/1/18,0.57
9/2/18,0
9/3/18,0
9/4/18,0.07
9/5/18,0.01
9/6/18,0
9/7/18,0
9/8/18,0
9/9/18,0.03
9/10/18,0
9/11/18,0
9/12/18,0
9/13/18,0
9/14/18,0
9/15/18,0
9/16/18,0
9/17/18,0
9/18/18,0
9/19/18,0.08
9/20/18,0.03
9/21/18,0
9/22/18,0
9/23/18,0
9/24/18,0
9/25/18,0
9/26/18,0
9/27/18,0
9/28/18,0
9/29/18,0
9/30/18,0
10/1/18,0.02
10/2/18,0.25
10/3/18,0.17
10/4/18,0.18
10/5/18,0.03
10/6/18,0
10/7/18,0.27
10/8/18,0.01
10/9/18,0
10/10/18,0.07
10/11/18,0.3
10/12/18,0
10/13/18,0
10/14/18,0.04
10/15/18,0
10/16/18,0
10/17/18,0.16
10/18/18,0
10/19/18,0
10/20/18,0
10/21/18,0
10/22/18,0
10/23/18,0.36
10/24/18,0.01
10/25/18,0
10/26/18,0
10/27/18,0
10/28/18,0
10/29/18,0
10/30/18,0.06
10/31/18,0
11/1/18,0
11/2/18,0
11/3/18,0
11/4/18,0
11/5/18,0
11/6/18,0
11/7/18,0
11/8/18,0
11/9/18,0
11/10/18,0
11/11/18,0
11/12/18,0
11/13/18,0
11/14/18,0
11/15/18,0
11/16/18,0
11/17/18,0
11/18/18,0
11/19/18,0
11/20/18,0
11/21/18,0
11/22/18,0
11/23/18,0.15
11/24/18,0
11/25/18,0
11/26/18,0
11/27/18,0
11/28/18,0
11/29/18,0
11/30/18,0.21
12/1/18,0.75
12/2/18,0.07
12/3/18,0
12/4/18,0
12/5/18,0
12/6/18,0.1
12/7/18,0
12/8/18,0
12/9/18,0
12/10/18,0
12/11/18,0
12/12/18,0.03
12/13/18,0
12/14/18,0
12/15/18,0
12/16/18,0
12/17/18,0
12/18/18,0
12/19/18,0
12/20/18,0
12/21/18,0
12/22/18,0
12/23/18,0
12/24/18,0
12/25/18,0
12/26/18,0.4
12/27/18,T
12/28/18,0.28
12/29/18,0
12/30/18,0
12/31/18,0.15
1/1/19,0.16
1/2/19,0
1/3/19,0
1/4/19,0
1/5/19,0
1/6/19,0.26
1/7/19,0.06
1/8/19,0
1/9/19,0
1/10/19,0
1/11/19,0
1/12/19,0.02
1/13/19,0.02
1/14/19,0
1/15/19,0
1/16/19,0.61
1/17/19,0
1/18/19,0.39
1/19/19,0
1/20/19,0
1/21/19,0.05
1/22/19,0.11
1/23/19,0
1/24/19,0
1/25/19,0
1/26/19,0
1/27/19,0
1/28/19,0
1/29/19,0
1/30/19,0
1/31/19,0
2/1/19,0
2/2/19,0
2/3/19,0.26
2/4/19,0.01
2/5/19,0
2/6/19,0.29
2/7/19,0.11
2/8/19,0
2/9/19,0
2/10/19,0
2/11/19,0.18
2/12/19,0
2/13/19,T
2/14/19,0.6
2/15/19,0.36
2/16/19,0.02
2/17/19,0
2/18/19,0.23
2/19/19,0.06
2/20/19,T
2/21/19,0.19
2/22/19,0.45
2/23/19,0.36
2/24/19,0
2/25/19,0
2/26/19,0
2/27/19,0
2/28/19,0
3/1/19,0
3/2/19,0.2
3/3/19,0.13
3/4/19,0.32
3/5/19,0
3/6/19,0.02
3/7/19,0
3/8/19,0.16
3/9/19,0
3/10/19,0
3/11/19,0.22
3/12/19,0.84
3/13/19,1.18
3/14/19,0
3/15/19,0
3/16/19,0
3/17/19,0
3/18/19,0
3/19/19,0
3/20/19,0
3/21/19,0.23
3/22/19,0.44
3/23/19,0
3/24/19,0
3/25/19,0
3/26/19,0
3/27/19,0
3/28/19,0
3/29/19,0
3/30/19,0
3/31/19,0.08
4/1/19,0
4/2/19,0
4/3/19,T
4/4/19,0
4/5/19,0
4/6/19,0
4/7/19,0
4/8/19,0
4/9/19,0
4/10/19,0.76
4/11/19,T
4/12/19,0
4/13/19,0
4/14/19,0
4/15/19,0
4/16/19,0
4/17/19,0
4/18/19,0
4/19/19,0
4/20/19,0
4/21/19,0
4/22/19,0
4/23/19,0.02
4/24/19,0
4/25/19,0
4/26/19,0
4/27/19,0.01
4/28/19,0
4/29/19,0.05
4/30/19,0.1
5/1/19,0.03
5/2/19,0
5/3/19,0
5/4/19,0
5/5/19,0
5/6/19,0
5/7/19,0
5/8/19,0.04
5/9/19,0.01
5/10/19,0.04
5/11/19,0.21
5/12/19,0
5/13/19,0
5/14/19,0
5/15/19,0
5/16/19,0
5/17/19,0.22
5/18/19,0.01
5/19/19,0
5/20/19,0.84
5/21/19,0.03
5/22/19,0.88
5/23/19,0.07
5/24/19,0
5/25/19,0
5/26/19,0
5/27/19,0
5/28/19,0.02
5/29/19,0
5/30/19,0
5/31/19,0
6/1/19,0
6/2/19,0
6/3/19,0
6/4/19,0
6/5/19,0
6/6/19,0
6/7/19,0
6/8/19,0
6/9/19,0
6/10/19,0
6/11/19,0
6/12/19,0
6/13/19,0
6/14/19,0
6/15/19,0
6/16/19,0
6/17/19,0.15
6/18/19,0
6/19/19,0
6/20/19,0
6/21/19,0
6/22/19,0
6/23/19,0
6/24/19,0
6/25/19,0
6/26/19,0
6/27/19,0
6/28/19,0
6/29/19,0.15
6/30/19,0
7/1/19,0
7/2/19,0
7/3/19,0
7/4/19,0
7/5/19,0
7/6/19,0
7/7/19,0
7/8/19,0.08
7/9/19,0
7/10/19,0
7/11/19,0
7/12/19,0
7/13/19,0
7/14/19,0
7/15/19,0
7/16/19,0
7/17/19,0
7/18/19,0
7/19/19,0
7/20/19,0
7/21/19,0
7/22/19,0.02
7/23/19,0
7/24/19,0
7/25/19,0
7/26/19,0
7/27/19,0
7/28/19,0
7/29/19,0
7/30/19,0
7/31/19,0
8/1/19,0
8/2/19,0
8/3/19,0
8/4/19,0
8/5/19,0.12
8/6/19,0
8/7/19,0.05
8/8/19,0
8/9/19,0
8/10/19,0
8/11/19,0.03
8/12/19,0
8/13/19,0
8/14/19,0
8/15/19,0
8/16/19,0
8/17/19,0
8/18/19,0
8/19/19,0
8/20/19,0
8/21/19,T
8/22/19,0
8/23/19,0
8/24/19,0
8/25/19,0
8/26/19,0
8/27/19,0
8/28/19,0
8/29/19,0
8/30/19,0
8/31/19,0
9/1/19,0
9/2/19,0
9/3/19,0
9/4/19,0
9/5/19,0
9/6/19,0
9/7/19,0
9/8/19,0
9/9/19,0
9/10/19,0.02
9/11/19,0
9/12/19,0
9/13/19,0
9/14/19,0
9/15/19,0
9/16/19,0
9/17/19,0
9/18/19,0.01
9/19/19,0
9/20/19,0
9/21/19,0
9/22/19,0
9/23/19,0
9/24/19,0
9/25/19,0
9/26/19,0
9/27/19,0
9/28/19,0
9/29/19,0
9/30/19,0
10/1/19,0
10/2/19,0
10/3/19,0
10/4/19,0
10/5/19,0
10/6/19,0
10/7/19,0
10/8/19,0
10/9/19,0
10/10/19,0
10/11/19,0
10/12/19,0
10/13/19,0
10/14/19,0
10/15/19,0
10/16/19,0
10/17/19,0
10/18/19,0
10/19/19,0
10/20/19,0
10/21/19,0
10/22/19,0
10/23/19,0
10/24/19,0
10/25/19,0
10/26/19,0
10/27/19,0
10/28/19,0.06
10/29/19,0
10/30/19,0
10/31/19,0
11/1/19,0
11/2/19,0
11/3/19,0
11/4/19,0
11/5/19,0
11/6/19,0
11/7/19,0
11/8/19,0
11/9/19,0
11/10/19,0
11/11/19,0
11/12/19,0
11/13/19,0
11/14/19,0
11/15/19,0
11/16/19,0
11/17/19,0
11/18/19,0
11/19/19,0
11/20/19,0.3
11/21/19,0.26
11/22/19,0.43
11/23/19,0
11/24/19,0
11/25/19,0
11/26/19,0.38
11/27/19,0
11/28/19,0
11/29/19,0.36
11/30/19,0.09
12/1/19,0
12/2/19,0
12/3/19,0
12/4/19,0
12/5/19,0.41
12/6/19,0
12/7/19,0
12/8/19,0.61
12/9/19,0.15
12/10/19,0
12/11/19,0
12/12/19,0
12/13/19,0
12/14/19,0.1
12/15/19,0
12/16/19,0.29
12/17/19,0
12/18/19,0
12/19/19,0
12/20/19,0
12/21/19,0
12/22/19,0
12/23/19,0
12/24/19,0
12/25/19,0.12
12/26/19,0.05
12/27/19,0.16
12/28/19,0.21
12/29/19,0
12/30/19,0
12/31/19,0
1/1/20,0.04
1/2/20,0.02
1/3/20,0
1/4/20,0
1/5/20,0
1/6/20,0
1/7/20,0
1/8/20,0
1/9/20,T
1/10/20,0.02
1/11/20,0
1/12/20,0.08
1/13/20,0
1/14/20,0
1/15/20,0
1/16/20,T
1/17/20,0.06
1/18/20,0
1/19/20,0
1/20/20,0
1/21/20,0.24
1/22/20,0.02
1/23/20,0
1/24/20,0
1/25/20,0
1/26/20,0
1/27/20,0.16
1/28/20,0
1/29/20,0
1/30/20,0
1/31/20,0
2/1/20,0
2/2/20,0
2/3/20,0.02
2/4/20,0
2/5/20,0
2/6/20,0
2/7/20,0
2/8/20,0
2/9/20,0
2/10/20,0
2/11/20,0
2/12/20,0
2/13/20,0
2/14/20,0
2/15/20,0
2/16/20,0
2/17/20,0
2/18/20,0
2/19/20,0
2/20/20,0
2/21/20,0
2/22/20,0.1
2/23/20,0.26
2/24/20,0
2/25/20,0
2/26/20,0
2/27/20,0
2/28/20,0
2/29/20,0
3/1/20,0
3/2/20,0
3/3/20,0
3/4/20,0
3/5/20,0
3/6/20,0
3/7/20,0
3/8/20,T
3/9/20,0
3/10/20,0.09
3/11/20,0.15
3/12/20,0
3/13/20,0.25
3/14/20,0.05
3/15/20,0
3/16/20,0
3/17/20,0
3/18/20,0
3/19/20,1.19
3/20/20,0
3/21/20,0.03
3/22/20,0
3/23/20,T
3/24/20,0.02
3/25/20,0
3/26/20,0
3/27/20,0
3/28/20,0.02
3/29/20,0
3/30/20,0.02
3/31/20,0
4/1/20,0
4/2/20,0
4/3/20,0
4/4/20,0
4/5/20,0
4/6/20,0
4/7/20,0
4/8/20,0
4/9/20,0
4/10/20,0
4/11/20,0
4/12/20,0
4/13/20,0
4/14/20,0
4/15/20,0
4/16/20,0
4/17/20,0
4/18/20,0
4/19/20,0
4/20/20,0
4/21/20,0.04
4/22/20,0
4/23/20,0
4/24/20,0
4/25/20,0
4/26/20,0
4/27/20,0
4/28/20,0
4/29/20,0
4/30/20,0
5/1/20,0
5/2/20,0
5/3/20,0
5/4/20,0
5/5/20,0
5/6/20,0
5/7/20,0
5/8/20,0
5/9/20,0
5/10/20,0
5/11/20,0.05
5/12/20,0
5/13/20,0
5/14/20,0
5/15/20,0
5/16/20,0
5/17/20,0
5/18/20,0
5/19/20,0
5/20/20,0
5/21/20,0
5/22/20,0
5/23/20,0
5/24/20,0
5/25/20,0
5/26/20,0
5/27/20,0
5/28/20,0
5/29/20,0
5/30/20,0
5/31/20,0.1
6/1/20,0.04
6/2/20,0
6/3/20,0
6/4/20,0
6/5/20,0.01
6/6/20,0.06
6/7/20,0
6/8/20,0
6/9/20,0
6/10/20,0
6/11/20,0
6/12/20,0
6/13/20,0.21
6/14/20,0.03
6/15/20,0
6/16/20,0
6/17/20,0
6/18/20,0
6/19/20,0
6/20/20,0
6/21/20,0
6/22/20,0
6/23/20,0
6/24/20,0
6/25/20,0
6/26/20,0
6/27/20,0.04
6/28/20,0
6/29/20,0
6/30/20,0
7/1/20,0
7/2/20,0
7/3/20,0
7/4/20,0
7/5/20,0
7/6/20,0
7/7/20,0
7/8/20,0
7/9/20,0
7/10/20,0
7/11/20,0
7/12/20,0
7/13/20,0
7/14/20,0.01
7/15/20,0
7/16/20,0.04
7/17/20,0.09
7/18/20,0.03
7/19/20,0.02
7/20/20,0
7/21/20,0
7/22/20,0
7/23/20,0
7/24/20,0.3
7/25/20,0.92
7/26/20,0.07
7/27/20,0
7/28/20,0.61
7/29/20,0
7/30/20,0
7/31/20,0
8/1/20,0
8/2/20,0
8/3/20,0
8/4/20,0
8/5/20,0
8/6/20,0
8/7/20,0
8/8/20,0
8/9/20,0
8/10/20,0
8/11/20,0
8/12/20,0
8/13/20,0
8/14/20,0
8/15/20,0
8/16/20,0
8/17/20,0
8/18/20,0.07
8/19/20,0
8/20/20,0
8/21/20,0
8/22/20,0.01
8/23/20,0
8/24/20,0
8/25/20,0
8/26/20,0
8/27/20,0
8/28/20,0.02
8/29/20,0.01
8/30/20,0
8/31/20,0
9/1/20,0
9/2/20,0
9/3/20,0
9/4/20,0
9/5/20,0
9/6/20,0
9/7/20,0
9/8/20,0.06
9/9/20,0.05
9/10/20,0.56
9/11/20,0
9/12/20,0
9/13/20,0
9/14/20,0
9/15/20,0
9/16/20,0
9/17/20,0
9/18/20,0
9/19/20,0
9/20/20,0
9/21/20,0.01
9/22/20,0
9/23/20,0
9/24/20,0
9/25/20,0
9/26/20,0
9/27/20,0
9/28/20,0
9/29/20,0
9/30/20,0
10/1/20,0
10/2/20,0
10/3/20,0
10/4/20,0
10/5/20,0
10/6/20,0
10/7/20,0
10/8/20,0
10/9/20,0
10/10/20,0
10/11/20,0
10/12/20,0
10/13/20,0
10/14/20,0
10/15/20,0
10/16/20,0
10/17/20,0
10/18/20,0
10/19/20,0
10/20/20,0
10/21/20,0
10/22/20,0
10/23/20,0
10/24/20,0
10/25/20,0
10/26/20,0.02
10/27/20,0
10/28/20,0
10/29/20,0
10/30/20,0
10/31/20,0
11/1/20,0
11/2/20,0
11/3/20,0
11/4/20,0
11/5/20,0
11/6/20,0
11/7/20,0.16
11/8/20,0.07
11/9/20,0.22
11/10/20,0.03
11/11/20,0
11/12/20,0
11/13/20,0
11/14/20,0
11/15/20,0
11/16/20,0
11/17/20,0
11/18/20,0
11/19/20,0
11/20/20,0
11/21/20,0
11/22/20,0
11/23/20,0
11/24/20,0.03
11/25/20,0
11/26/20,0
11/27/20,0
11/28/20,0
11/29/20,0
11/30/20,0
12/1/20,0
12/2/20,0
12/3/20,0
12/4/20,0
12/5/20,0
12/6/20,0
12/7/20,0
12/8/20,0
12/9/20,0
12/10/20,0.06
12/11/20,0.09
12/12/20,0.26
12/13/20,0
12/14/20,0.02
12/15/20,0.02
12/16/20,0
12/17/20,0
12/18/20,0.08
12/19/20,0
12/20/20,0
12/21/20,0
12/22/20,0
12/23/20,0
12/24/20,0
12/25/20,0
12/26/20,0
12/27/20,0
12/28/20,0.07
12/29/20,0.03
12/30/20,0
12/31/20,0
1/1/21,0
1/2/21,0
1/3/21,0
1/4/21,0
1/5/21,0
1/6/21,0
1/7/21,0
1/8/21,0
1/9/21,0
1/10/21,0
1/11/21,0
1/12/21,0
1/13/21,0
1/14/21,0
1/15/21,0
1/16/21,0
1/17/21,0
1/18/21,0
1/19/21,0.25
1/20/21,0
1/21/21,0
1/22/21,0
1/23/21,0.24
1/24/21,0.31
1/25/21,0.17
1/26/21,0.17
1/27/21,0
1/28/21,0
1/29/21,0
1/30/21,0.15
1/31/21,0
2/1/21,0
2/2/21,0
2/3/21,0
2/4/21,0.01
2/5/21,0
2/6/21,0
2/7/21,0
2/8/21,0
2/9/21,0
2/10/21,0
2/11/21,0
2/12/21,0.01
2/13/21,0.28
2/14/21,0.5
2/15/21,0
2/16/21,0.38
2/17/21,0
2/18/21,0
2/19/21,0
2/20/21,0
2/21/21,0
2/22/21,0
2/23/21,0
2/24/21,0
2/25/21,0
2/26/21,0
2/27/21,0
2/28/21,0
3/1/21,0
3/2/21,0
3/3/21,0
3/4/21,0.18
3/5/21,0
3/6/21,0
3/7/21,0
3/8/21,0
3/9/21,0
3/10/21,0.01
3/11/21,0
3/12/21,0
3/13/21,0.19
3/14/21,0.25
3/15/21,0
3/16/21,0.04
3/17/21,0
3/18/21,0
3/19/21,0
3/20/21,0
3/21/21,0.04
3/22/21,0
3/23/21,0.04
3/24/21,0.26
3/25/21,0.03
3/26/21,0.19
3/27/21,0
3/28/21,0
3/29/21,0
3/30/21,0
3/31/21,0
4/1/21,0
4/2/21,0
4/3/21,0
4/4/21,0
4/5/21,0
4/6/21,0
4/7/21,0
4/8/21,0
4/9/21,0
4/10/21,0
4/11/21,0
4/12/21,0
4/13/21,0
4/14/21,0
4/15/21,0
4/16/21,0
4/17/21,0
4/18/21,0
4/19/21,0
4/20/21,0
4/21/21,0
4/22/21,0
4/23/21,0.11
4/24/21,0
4/25/21,0
4/26/21,0
4/27/21,0.01
4/28/21,0
4/29/21,0
4/30/21,0
5/1/21,0
5/2/21,0
5/3/21,0
5/4/21,0
5/5/21,0
5/6/21,0
5/7/21,0
5/8/21,0
5/9/21,0
5/10/21,0
5/11/21,0
5/12/21,0
5/13/21,0
5/14/21,0
5/15/21,0
5/16/21,0
5/17/21,0
5/18/21,0
5/19/21,0
5/20/21,0
5/21/21,0.5
5/22/21,0.08
5/23/21,0
5/24/21,0
5/25/21,0
5/26/21,0
5/27/21,0
5/28/21,0
5/29/21,0
5/30/21,0
5/31/21,0
6/1/21,0
6/2/21,0
6/3/21,0
6/4/21,0.05
6/5/21,0
6/6/21,0
6/7/21,0
6/8/21,0
6/9/21,0
6/10/21,0
6/11/21,0
6/12/21,0
6/13/21,0
6/14/21,0
6/15/21,0
6/16/21,0
6/17/21,0
6/18/21,0
6/19/21,0
6/20/21,0
6/21/21,0
6/22/21,0
6/23/21,0.02
6/24/21,0
6/25/21,0.02
6/26/21,0.08
6/27/21,0
6/28/21,0
6/29/21,0.65
6/30/21,0
7/1/21,0
7/2/21,0.02
7/3/21,0
7/4/21,0.01
7/5/21,0
7/6/21,0.12
7/7/21,0
7/8/21,0.01
7/9/21,0
7/10/21,0
7/11/21,0
7/12/21,0.21
7/13/21,0
7/14/21,0.22
7/15/21,0
7/16/21,0
7/17/21,0
7/18/21,0.4
7/19/21,0.22
7/20/21,0
7/21/21,0.21
7/22/21,0.03
7/23/21,0
7/24/21,0.02
7/25/21,0
7/26/21,0.64
7/27/21,0.03
7/28/21,0.26
7/29/21,0
7/30/21,0.09
7/31/21,0.22
8/1/21,0
8/2/21,0.28
8/3/21,0
8/4/21,0
8/5/21,0
8/6/21,0
8/7/21,0
8/8/21,0
8/9/21,0
8/10/21,0
8/11/21,0.29
8/12/21,0
8/13/21,0
8/14/21,0
8/15/21,0.14
8/16/21,0.15
8/17/21,0
8/18/21,0.33
8/19/21,0.32
8/20/21,0.08
8/21/21,0
8/22/21,0
8/23/21,0
8/24/21,0
8/25/21,0
8/26/21,0.02
8/27/21,0
8/28/21,0
8/29/21,0
8/30/21,0
8/31/21,0
9/1/21,0.32
9/2/21,0.18
9/3/21,0.01
9/4/21,0
9/5/21,0
9/6/21,0
9/7/21,0
9/8/21,0
9/9/21,0
9/10/21,0
9/11/21,0
9/12/21,0
9/13/21,0
9/14/21,0
9/15/21,0
9/16/21,0
9/17/21,0
9/18/21,0.25
9/19/21,0
9/20/21,0
9/21/21,0
9/22/21,0
9/23/21,0
9/24/21,0
9/25/21,0
9/26/21,0
9/27/21,0.07
9/28/21,0.04
9/29/21,0.1
9/30/21,0.22
10/1/21,0.19
10/2/21,0
10/3/21,0
10/4/21,0
10/5/21,0
10/6/21,0.3
10/7/21,0.02
10/8/21,0
10/9/21,0.08
10/10/21,0
10/11/21,0
10/12/21,0.3
10/13/21,0.12
10/14/21,0.01
10/15/21,0
10/16/21,0
10/17/21,0.05
10/18/21,0
10/19/21,0.05
10/20/21,0
10/21/21,0
10/22/21,0
10/23/21,0
10/24/21,0
10/25/21,0
10/26/21,0.35
10/27/21,0
10/28/21,0
10/29/21,0
10/30/21,0
10/31/21,0
11/1/21,0
11/2/21,0
11/3/21,0
11/4/21,0
11/5/21,0
11/6/21,0
11/7/21,0
11/8/21,0
11/9/21,0
11/10/21,0.02
11/11/21,0
11/12/21,0
11/13/21,0
11/14/21,0
11/15/21,0
11/16/21,0
11/17/21,0
11/18/21,0
11/19/21,0
11/20/21,0
11/21/21,0
11/22/21,0
11/23/21,0.09
11/24/21,0.08
11/25/21,0
11/26/21,0
11/27/21,0
11/28/21,0
11/29/21,0
11/30/21,0
12/1/21,0
12/2/21,0
12/3/21,0
12/4/21,0
12/5/21,0
12/6/21,0
12/7/21,0.04
12/8/21,0
12/9/21,0.18
12/10/21,0.74
12/11/21,0
12/12/21,0
12/13/21,0
12/14/21,0
12/15/21,0.21
12/16/21,0
12/17/21,0
12/18/21,0
12/19/21,0
12/20/21,0
12/21/21,0
12/22/21,0
12/23/21,0
12/24/21,1.03
12/25/21,0.04
12/26/21,0.01
12/27/21,0
12/28/21,0.1
12/29/21,0.23
12/30/21,0
12/31/21,0.02
1/1/22,0.05
1/2/22,0
1/3/22,0
1/4/22,0
1/5/22,0
1/6/22,0
1/7/22,0
1/8/22,0.01
1/9/22,0
1/10/22,0
1/11/22,0
1/12/22,0
1/13/22,0
1/14/22,0
1/15/22,0
1/16/22,0
1/17/22,0
1/18/22,0
1/19/22,0
1/20/22,0
1/21/22,0
1/22/22,0
1/23/22,0
1/24/22,0
1/25/22,0
1/26/22,0
1/27/22,0
1/28/22,0
1/29/22,0
1/30/22,0
1/31/22,0
2/1/22,0
2/2/22,0.08
2/3/22,0
2/4/22,0
2/5/22,0
2/6/22,0
2/7/22,0
2/8/22,0
2/9/22,0
2/10/22,0
2/11/22,0
2/12/22,0
2/13/22,0
2/14/22,0
2/15/22,0
2/16/22,0
2/17/22,0.27
2/18/22,0
2/19/22,0
2/20/22,0
2/21/22,0
2/22/22,0.38
2/23/22,0.35
2/24/22,0.09
2/25/22,0
2/26/22,0
2/27/22,0
2/28/22,0
3/1/22,0
3/2/22,0
3/3/22,0
3/4/22,0
3/5/22,0.12
3/6/22,0.35
3/7/22,0.01
3/8/22,0
3/9/22,0
3/10/22,0.12
3/11/22,0
3/12/22,0
3/13/22,0
3/14/22,0
3/15/22,0
3/16/22,0
3/17/22,0
3/18/22,0
3/19/22,0
3/20/22,0
3/21/22,0
3/22/22,0
3/23/22,0
3/24/22,0
3/25/22,0
3/26/22,0
3/27/22,0
3/28/22,0
3/29/22,0.52
3/30/22,0.18
3/31/22,0
4/1/22,0.03
4/2/22,0
4/3/22,0
4/4/22,0
4/5/22,0
4/6/22,0
4/7/22,0
4/8/22,0
4/9/22,0
4/10/22,0
4/11/22,0
4/12/22,0.23
4/13/22,0
4/14/22,0
4/15/22,0
4/16/22,0
4/17/22,0
4/18/22,0
4/19/22,0
4/20/22,0
4/21/22,0
4/22/22,0
4/23/22,0
4/24/22,0
4/25/22,0
4/26/22,0
4/27/22,0
4/28/22,0
4/29/22,0
4/30/22,0
5/1/22,0
5/2/22,0
5/3/22,0
5/4/22,0
5/5/22,0
5/6/22,0
5/7/22,0
5/8/22,0
5/9/22,0
5/10/22,0
5/11/22,0
5/12/22,0
5/13/22,0
5/14/22,0
5/15/22,0
5/16/22,0
5/17/22,0
5/18/22,0
5/19/22,0
5/20/22,0
5/21/22,0
5/22/22,0
5/23/22,0
5/24/22,0
5/25/22,0
5/26/22,0
5/27/22,0
5/28/22,0
5/29/22,0
5/30/22,0.02
5/31/22,0
6/1/22,0
6/2/22,0
6/3/22,0
6/4/22,0
6/5/22,0
6/6/22,0
6/7/22,0
6/8/22,0
6/9/22,0
6/10/22,0
6/11/22,0
6/12/22,0
6/13/22,0
6/14/22,0
6/15/22,0
6/16/22,0
6/17/22,0
6/18/22,0.34
6/19/22,0.46
6/20/22,0
6/21/22,0
6/22/22,0
6/23/22,0.33
6/24/22,0
6/25/22,0
6/26/22,0.37
6/27/22,0.15
6/28/22,0.03
6/29/22,0
6/30/22,0.03
7/1/22,0
7/2/22,0.08
7/3/22,0.02
7/4/22,0
7/5/22,0.02